date,index_name,close_value
2022-03-01,NIFTY50,17492.79
2022-04-01,NIFTY50,17689.64
2022-05-01,NIFTY50,17835.05
2022-06-01,NIFTY50,17878.51
2022-07-01,NIFTY50,17759.15
2022-10-01,NIFTY50,18124.84
2022-11-01,NIFTY50,18256.96
2022-12-01,NIFTY50,18162.54
2022-01-02,NIFTY50,18724.17
2022-02-02,NIFTY50,18900.9
2022-03-02,NIFTY50,18640.35
2022-04-02,NIFTY50,18524.44
2022-07-02,NIFTY50,18347.28
2022-08-02,NIFTY50,18626.31
2022-09-02,NIFTY50,18807.0
2022-10-02,NIFTY50,18760.65
2022-11-02,NIFTY50,18935.65
2022-01-03,NIFTY50,18827.48
2022-02-03,NIFTY50,18962.53
2022-03-03,NIFTY50,18764.05
2022-04-03,NIFTY50,18700.26
2022-07-03,NIFTY50,19018.69
2022-08-03,NIFTY50,18996.04
2022-09-03,NIFTY50,19174.22
2022-10-03,NIFTY50,19018.0
2022-11-03,NIFTY50,18796.74
2022-01-04,NIFTY50,19613.8
2022-04-04,NIFTY50,20065.6
2022-05-04,NIFTY50,20083.52
2022-06-04,NIFTY50,20147.77
2022-07-04,NIFTY50,20045.55
2022-08-04,NIFTY50,20053.65
2022-11-04,NIFTY50,20059.1
2022-12-04,NIFTY50,20180.83
2022-02-05,NIFTY50,20084.37
2022-03-05,NIFTY50,20080.44
2022-04-05,NIFTY50,19936.88
2022-05-05,NIFTY50,19887.01
2022-06-05,NIFTY50,20058.65
2022-09-05,NIFTY50,19959.55
2022-10-05,NIFTY50,19812.47
2022-11-05,NIFTY50,19573.89
2022-12-05,NIFTY50,19473.78
2022-01-06,NIFTY50,18955.11
2022-02-06,NIFTY50,18925.23
2022-03-06,NIFTY50,18902.99
2022-06-06,NIFTY50,19058.44
2022-07-06,NIFTY50,19226.83
2022-08-06,NIFTY50,19519.86
2022-09-06,NIFTY50,19389.21
2022-10-06,NIFTY50,19336.46
2022-01-07,NIFTY50,19184.78
2022-04-07,NIFTY50,18769.89
2022-05-07,NIFTY50,18684.56
2022-06-07,NIFTY50,18757.53
2022-07-07,NIFTY50,19054.96
2022-08-07,NIFTY50,19192.88
2022-11-07,NIFTY50,19344.92
2022-12-07,NIFTY50,19015.04
2022-01-08,NIFTY50,19582.35
2022-02-08,NIFTY50,19390.08
2022-03-08,NIFTY50,19708.9
2022-04-08,NIFTY50,19564.96
2022-05-08,NIFTY50,19555.4
2022-08-08,NIFTY50,19451.25
2022-09-08,NIFTY50,19378.13
2022-10-08,NIFTY50,19520.25
2022-11-08,NIFTY50,19698.67
2022-12-08,NIFTY50,19814.19
2022-01-09,NIFTY50,20548.9
2022-02-09,NIFTY50,20692.13
2022-05-09,NIFTY50,20624.2
2022-06-09,NIFTY50,20753.83
2022-07-09,NIFTY50,20433.94
2022-08-09,NIFTY50,20554.69
2022-09-09,NIFTY50,20626.15
2022-12-09,NIFTY50,20648.98
2022-03-10,NIFTY50,20475.58
2022-04-10,NIFTY50,20411.92
2022-05-10,NIFTY50,20159.15
2022-06-10,NIFTY50,19995.72
2022-07-10,NIFTY50,19964.19
2022-10-10,NIFTY50,20151.84
2022-11-10,NIFTY50,20267.68
2022-12-10,NIFTY50,20442.32
2022-01-11,NIFTY50,20970.82
2022-02-11,NIFTY50,20659.57
2022-03-11,NIFTY50,20887.35
2022-04-11,NIFTY50,21047.55
2022-07-11,NIFTY50,20996.17
2022-08-11,NIFTY50,20993.09
2022-09-11,NIFTY50,21057.78
2022-10-11,NIFTY50,21208.88
2022-11-11,NIFTY50,21574.46
2022-01-12,NIFTY50,21696.78
2022-02-12,NIFTY50,21756.82
2022-05-12,NIFTY50,21757.88
2022-06-12,NIFTY50,21768.68
2022-07-12,NIFTY50,21725.81
2022-08-12,NIFTY50,21922.79
2022-09-12,NIFTY50,22037.03
2022-12-12,NIFTY50,22007.01
2023-02-01,NIFTY50,22778.36
2023-03-01,NIFTY50,22771.14
2023-04-01,NIFTY50,22806.13
2023-05-01,NIFTY50,22843.67
2023-06-01,NIFTY50,22835.1
2023-09-01,NIFTY50,23088.26
2023-10-01,NIFTY50,23015.77
2023-11-01,NIFTY50,23231.29
2023-12-01,NIFTY50,23389.28
2023-01-02,NIFTY50,24223.82
2023-02-02,NIFTY50,24115.15
2023-03-02,NIFTY50,24060.94
2023-06-02,NIFTY50,24153.86
2023-07-02,NIFTY50,24091.1
2023-08-02,NIFTY50,24536.77
2023-09-02,NIFTY50,24304.68
2023-10-02,NIFTY50,24520.15
2023-01-03,NIFTY50,24705.34
2023-02-03,NIFTY50,24647.95
2023-03-03,NIFTY50,24772.26
2023-06-03,NIFTY50,24939.69
2023-07-03,NIFTY50,24711.86
2023-08-03,NIFTY50,24799.95
2023-09-03,NIFTY50,24297.03
2023-10-03,NIFTY50,24366.79
2023-03-04,NIFTY50,24442.96
2023-04-04,NIFTY50,24209.74
2023-05-04,NIFTY50,24048.92
2023-06-04,NIFTY50,23905.67
2023-07-04,NIFTY50,23811.3
2023-10-04,NIFTY50,23818.88
2023-11-04,NIFTY50,24041.73
2023-12-04,NIFTY50,24147.4
2023-01-05,NIFTY50,24268.79
2023-02-05,NIFTY50,24487.26
2023-03-05,NIFTY50,24162.88
2023-04-05,NIFTY50,24187.03
2023-05-05,NIFTY50,24163.65
2023-08-05,NIFTY50,24041.81
2023-09-05,NIFTY50,23884.78
2023-10-05,NIFTY50,24032.77
2023-11-05,NIFTY50,24197.78
2023-12-05,NIFTY50,24441.85
2023-01-06,NIFTY50,24375.89
2023-02-06,NIFTY50,24398.93
2023-05-06,NIFTY50,24819.7
2023-06-06,NIFTY50,24464.63
2023-07-06,NIFTY50,24541.65
2023-08-06,NIFTY50,24640.11
2023-09-06,NIFTY50,24544.89
2023-12-06,NIFTY50,24222.32
2023-03-07,NIFTY50,24343.08
2023-04-07,NIFTY50,24256.57
2023-05-07,NIFTY50,23895.6
2023-06-07,NIFTY50,24255.54
2023-07-07,NIFTY50,24306.47
2023-10-07,NIFTY50,24301.82
2023-11-07,NIFTY50,24498.9
2023-12-07,NIFTY50,24398.52
2023-01-08,NIFTY50,24219.97
2023-02-08,NIFTY50,24531.73
2023-03-08,NIFTY50,24517.19
2023-04-08,NIFTY50,24648.05
2023-07-08,NIFTY50,24511.78
2023-08-08,NIFTY50,24504.44
2023-09-08,NIFTY50,24609.34
2023-10-08,NIFTY50,24452.05
2023-11-08,NIFTY50,24614.4
2023-01-09,NIFTY50,25080.84
2023-04-09,NIFTY50,25562.58
2023-05-09,NIFTY50,25862.75
2023-06-09,NIFTY50,26030.1
2023-07-09,NIFTY50,26177.37
2023-08-09,NIFTY50,25996.8
2023-11-09,NIFTY50,25801.55
2023-12-09,NIFTY50,25932.07
2023-02-10,NIFTY50,26580.95
2023-03-10,NIFTY50,26535.97
2023-04-10,NIFTY50,26754.38
2023-05-10,NIFTY50,26718.02
2023-06-10,NIFTY50,26871.56
2023-09-10,NIFTY50,27178.46
2023-10-10,NIFTY50,27454.29
2023-11-10,NIFTY50,27421.55
2023-12-10,NIFTY50,27316.77
2023-01-11,NIFTY50,26367.72
2023-02-11,NIFTY50,26296.57
2023-03-11,NIFTY50,26277.25
2023-06-11,NIFTY50,26145.92
2023-07-11,NIFTY50,26235.04
2023-08-11,NIFTY50,26589.74
2023-09-11,NIFTY50,26591.61
2023-10-11,NIFTY50,26455.11
2023-01-12,NIFTY50,26258.49
2023-04-12,NIFTY50,26328.55
2023-05-12,NIFTY50,26368.49
2023-06-12,NIFTY50,26396.12
2023-07-12,NIFTY50,26335.04
2023-08-12,NIFTY50,26327.03
2023-11-12,NIFTY50,26461.37
2023-12-12,NIFTY50,26679.91
2024-01-01,NIFTY50,26141.77
2024-02-01,NIFTY50,26315.16
2024-03-01,NIFTY50,26017.19
2024-04-01,NIFTY50,25970.63
2024-05-01,NIFTY50,26286.8
2024-08-01,NIFTY50,26773.66
2024-09-01,NIFTY50,26765.23
2024-10-01,NIFTY50,26791.68
2024-11-01,NIFTY50,26788.79
2024-12-01,NIFTY50,26834.61
2024-01-02,NIFTY50,26860.26
2024-02-02,NIFTY50,27032.14
2024-05-02,NIFTY50,26929.88
2024-06-02,NIFTY50,26791.56
2024-07-02,NIFTY50,26907.95
2024-08-02,NIFTY50,27115.31
2024-09-02,NIFTY50,27075.51
2024-12-02,NIFTY50,27190.52
2024-01-03,NIFTY50,27390.12
2024-04-03,NIFTY50,27452.76
2024-05-03,NIFTY50,27333.8
2024-06-03,NIFTY50,27454.14
2024-07-03,NIFTY50,27565.91
2024-08-03,NIFTY50,27586.79
2024-11-03,NIFTY50,27581.92
2024-12-03,NIFTY50,27494.21
2024-01-04,NIFTY50,26534.7
2024-02-04,NIFTY50,26455.04
2024-03-04,NIFTY50,26502.3
2024-04-04,NIFTY50,26630.64
2024-05-04,NIFTY50,26702.49
2024-08-04,NIFTY50,26539.12
2024-09-04,NIFTY50,26713.2
2024-10-04,NIFTY50,26592.91
2024-11-04,NIFTY50,26663.65
2024-12-04,NIFTY50,26377.86
2024-01-05,NIFTY50,26111.64
2024-02-05,NIFTY50,26307.62
2024-03-05,NIFTY50,26202.91
2024-06-05,NIFTY50,26156.68
2024-07-05,NIFTY50,25711.25
2024-08-05,NIFTY50,25384.42
2024-09-05,NIFTY50,25554.67
2024-10-05,NIFTY50,25427.66
2024-03-06,NIFTY50,24306.96
2024-04-06,NIFTY50,24298.76
2024-05-06,NIFTY50,24515.94
2024-06-06,NIFTY50,24327.82
2024-07-06,NIFTY50,24108.83
2024-10-06,NIFTY50,24240.59
2024-11-06,NIFTY50,24606.36
2024-12-06,NIFTY50,24329.59
2024-01-07,NIFTY50,24219.76
2024-02-07,NIFTY50,23978.71
2024-03-07,NIFTY50,23963.28
2024-04-07,NIFTY50,23984.4
2024-05-07,NIFTY50,23663.37
2024-08-07,NIFTY50,23523.06
2024-09-07,NIFTY50,23252.67
2024-10-07,NIFTY50,23052.9
2024-11-07,NIFTY50,23007.05
2024-12-07,NIFTY50,22976.94
2024-01-08,NIFTY50,22650.66
2024-02-08,NIFTY50,22431.03
2024-05-08,NIFTY50,22584.78
2024-06-08,NIFTY50,22404.45
2024-07-08,NIFTY50,22532.78
2024-08-08,NIFTY50,22452.13
2024-09-08,NIFTY50,22367.52
2024-12-08,NIFTY50,22526.84
2024-02-09,NIFTY50,21776.98
2024-03-09,NIFTY50,21618.96
2024-04-09,NIFTY50,21560.82
2024-05-09,NIFTY50,21723.49
2024-06-09,NIFTY50,21594.36
2024-09-09,NIFTY50,21435.0
2024-10-09,NIFTY50,21460.45
2024-11-09,NIFTY50,21670.03
2024-12-09,NIFTY50,21751.37
2024-01-10,NIFTY50,21882.13
2024-02-10,NIFTY50,21585.33
2024-03-10,NIFTY50,21285.85
2024-04-10,NIFTY50,21287.69
2024-07-10,NIFTY50,21226.63
2024-08-10,NIFTY50,21458.83
2024-09-10,NIFTY50,21469.47
2024-10-10,NIFTY50,21614.9
2024-11-10,NIFTY50,21740.08
2024-01-11,NIFTY50,21165.71
2024-04-11,NIFTY50,21088.33
2024-05-11,NIFTY50,21373.95
2024-06-11,NIFTY50,21517.91
2024-07-11,NIFTY50,21469.52
2024-08-11,NIFTY50,21383.49
2024-11-11,NIFTY50,21549.43
2024-12-11,NIFTY50,21500.74
2024-02-12,NIFTY50,21273.83
2024-03-12,NIFTY50,21379.73
2024-04-12,NIFTY50,21390.01
2024-05-12,NIFTY50,21338.71
2024-06-12,NIFTY50,21582.0
2024-09-12,NIFTY50,21535.65
2024-10-12,NIFTY50,21840.26
2024-11-12,NIFTY50,21856.57
2024-12-12,NIFTY50,21718.53
2025-01-01,NIFTY50,21898.36
2025-02-01,NIFTY50,21891.34
2025-03-01,NIFTY50,21856.17
2025-06-01,NIFTY50,21786.26
2025-07-01,NIFTY50,21909.21
2025-08-01,NIFTY50,21917.86
2025-09-01,NIFTY50,22007.87
2025-10-01,NIFTY50,21998.22
2025-03-02,NIFTY50,21199.23
2025-04-02,NIFTY50,21051.69
2025-05-02,NIFTY50,21068.72
2025-06-02,NIFTY50,20951.31
2025-07-02,NIFTY50,20926.99
2025-10-02,NIFTY50,21075.16
2025-11-02,NIFTY50,21015.32
2025-12-02,NIFTY50,21121.5
2025-03-03,NIFTY50,20847.94
2025-04-03,NIFTY50,20737.75
2025-05-03,NIFTY50,21157.49
2025-06-03,NIFTY50,21292.87
2025-07-03,NIFTY50,21143.25
2025-10-03,NIFTY50,21319.95
2025-11-03,NIFTY50,21617.26
2025-12-03,NIFTY50,21362.09
2025-01-04,NIFTY50,20758.3
2025-02-04,NIFTY50,20900.04
2025-03-04,NIFTY50,20843.6
2025-04-04,NIFTY50,20650.82
2025-07-04,NIFTY50,20602.99
2025-08-04,NIFTY50,20482.53
2025-09-04,NIFTY50,20709.48
2025-10-04,NIFTY50,20587.3
2025-11-04,NIFTY50,20374.92
2025-01-05,NIFTY50,20023.5
2025-02-05,NIFTY50,19847.79
2025-05-05,NIFTY50,20107.16
2025-06-05,NIFTY50,20185.78
2025-07-05,NIFTY50,20335.79
2025-08-05,NIFTY50,20483.46
2025-09-05,NIFTY50,20674.47
2025-12-05,NIFTY50,20473.51
2025-02-06,NIFTY50,21107.5
2025-03-06,NIFTY50,20935.42
2025-04-06,NIFTY50,21097.91
2025-05-06,NIFTY50,21121.17
2025-06-06,NIFTY50,20970.41
2025-09-06,NIFTY50,20977.09
2025-10-06,NIFTY50,20939.94
2025-11-06,NIFTY50,21008.55
2025-12-06,NIFTY50,21174.14
2025-01-07,NIFTY50,20458.04
2025-02-07,NIFTY50,20138.08
2025-03-07,NIFTY50,20032.04
2025-04-07,NIFTY50,19892.88
2025-07-07,NIFTY50,19942.66
2025-08-07,NIFTY50,19857.84
2025-09-07,NIFTY50,19930.69
2025-10-07,NIFTY50,19624.86
2025-11-07,NIFTY50,19732.14
2025-01-08,NIFTY50,19663.19
2025-04-08,NIFTY50,19956.72
2025-05-08,NIFTY50,19863.21
2025-06-08,NIFTY50,20020.43
2025-07-08,NIFTY50,20259.68
2025-08-08,NIFTY50,20442.73
2025-11-08,NIFTY50,20302.52
2025-12-08,NIFTY50,20492.23
2025-01-09,NIFTY50,20498.69
2025-02-09,NIFTY50,20400.89
2025-03-09,NIFTY50,20314.81
2025-04-09,NIFTY50,20075.62
2025-05-09,NIFTY50,20167.91
2025-08-09,NIFTY50,20153.66
2025-09-09,NIFTY50,20400.72
2025-10-09,NIFTY50,20248.26
2025-11-09,NIFTY50,20233.43
2025-12-09,NIFTY50,20037.29
2025-01-10,NIFTY50,20198.11
2025-02-10,NIFTY50,19999.37
2025-03-10,NIFTY50,20061.7
2025-06-10,NIFTY50,20192.97
2025-07-10,NIFTY50,20212.15
2025-08-10,NIFTY50,19935.59
2025-09-10,NIFTY50,19797.34
2025-10-10,NIFTY50,19866.46
2025-03-11,NIFTY50,19237.47
2025-04-11,NIFTY50,19325.33
2025-05-11,NIFTY50,19224.82
2025-06-11,NIFTY50,19324.55
2025-07-11,NIFTY50,19229.58
2025-10-11,NIFTY50,19429.29
2025-11-11,NIFTY50,19599.87
2025-12-11,NIFTY50,19678.69
2025-01-12,NIFTY50,19123.08
2025-02-12,NIFTY50,19059.76
2025-03-12,NIFTY50,19072.05
2025-04-12,NIFTY50,18685.61
2025-05-12,NIFTY50,18910.47
2025-08-12,NIFTY50,19038.06
2025-09-12,NIFTY50,19072.17
2025-10-12,NIFTY50,19212.55
2025-11-12,NIFTY50,19009.32
2025-12-12,NIFTY50,18748.29
2026-01-01,NIFTY50,18808.75
2026-02-01,NIFTY50,19044.78
2026-05-01,NIFTY50,19021.88
2026-06-01,NIFTY50,18829.06
2026-07-01,NIFTY50,18939.51
2026-08-01,NIFTY50,18993.86
2026-09-01,NIFTY50,19092.69
2026-12-01,NIFTY50,19314.22
2026-02-02,NIFTY50,19899.21
2026-03-02,NIFTY50,20049.2
2026-04-02,NIFTY50,19926.84
2026-05-02,NIFTY50,20344.88
2026-06-02,NIFTY50,20364.99
2026-09-02,NIFTY50,20408.68
2026-10-02,NIFTY50,20421.69
2026-11-02,NIFTY50,20639.95
2026-12-02,NIFTY50,20983.66
2026-02-03,NIFTY50,20972.58
2026-03-03,NIFTY50,20791.56
2026-04-03,NIFTY50,20521.62
2026-05-03,NIFTY50,20752.23
2026-06-03,NIFTY50,20654.41
2026-09-03,NIFTY50,20548.58
2026-10-03,NIFTY50,20308.33
2026-11-03,NIFTY50,20295.16
2026-12-03,NIFTY50,20395.24
2026-01-04,NIFTY50,19292.7
2026-02-04,NIFTY50,19382.35
2026-03-04,NIFTY50,19497.75
2026-06-04,NIFTY50,19550.84
2026-07-04,NIFTY50,19544.45
2026-08-04,NIFTY50,19435.22
2026-09-04,NIFTY50,19498.48
2026-10-04,NIFTY50,19446.79
2026-01-05,NIFTY50,19304.74
2026-04-05,NIFTY50,19526.9
2026-05-05,NIFTY50,19444.78
2026-06-05,NIFTY50,19470.77
2026-07-05,NIFTY50,19680.29
2026-08-05,NIFTY50,19339.3
2026-11-05,NIFTY50,19650.77
2026-12-05,NIFTY50,19673.07
2022-03-01,NIFTY100,17778.24
2022-04-01,NIFTY100,17537.52
2022-05-01,NIFTY100,17607.73
2022-06-01,NIFTY100,17556.05
2022-07-01,NIFTY100,17664.02
2022-10-01,NIFTY100,17516.51
2022-11-01,NIFTY100,17603.08
2022-12-01,NIFTY100,17763.76
2022-01-02,NIFTY100,18101.19
2022-02-02,NIFTY100,17753.35
2022-03-02,NIFTY100,17685.95
2022-04-02,NIFTY100,17621.67
2022-07-02,NIFTY100,17574.94
2022-08-02,NIFTY100,17275.41
2022-09-02,NIFTY100,17410.12
2022-10-02,NIFTY100,17157.83
2022-11-02,NIFTY100,17036.29
2022-01-03,NIFTY100,17708.25
2022-02-03,NIFTY100,17941.93
2022-03-03,NIFTY100,17823.22
2022-04-03,NIFTY100,17926.74
2022-07-03,NIFTY100,17975.01
2022-08-03,NIFTY100,17886.24
2022-09-03,NIFTY100,18202.81
2022-10-03,NIFTY100,18181.6
2022-11-03,NIFTY100,18397.76
2022-01-04,NIFTY100,18832.6
2022-04-04,NIFTY100,19059.05
2022-05-04,NIFTY100,19137.78
2022-06-04,NIFTY100,19084.64
2022-07-04,NIFTY100,18934.49
2022-08-04,NIFTY100,18934.99
2022-11-04,NIFTY100,18899.18
2022-12-04,NIFTY100,19319.0
2022-02-05,NIFTY100,19074.95
2022-03-05,NIFTY100,19194.71
2022-04-05,NIFTY100,19409.57
2022-05-05,NIFTY100,19471.08
2022-06-05,NIFTY100,19429.86
2022-09-05,NIFTY100,19356.19
2022-10-05,NIFTY100,19415.4
2022-11-05,NIFTY100,19304.29
2022-12-05,NIFTY100,19399.12
2022-01-06,NIFTY100,19410.05
2022-02-06,NIFTY100,19556.26
2022-03-06,NIFTY100,19487.0
2022-06-06,NIFTY100,19444.01
2022-07-06,NIFTY100,19480.14
2022-08-06,NIFTY100,19717.53
2022-09-06,NIFTY100,19578.72
2022-10-06,NIFTY100,19663.7
2022-01-07,NIFTY100,19719.91
2022-04-07,NIFTY100,19614.71
2022-05-07,NIFTY100,19729.15
2022-06-07,NIFTY100,19775.18
2022-07-07,NIFTY100,19717.89
2022-08-07,NIFTY100,19655.8
2022-11-07,NIFTY100,19500.02
2022-12-07,NIFTY100,19868.74
2022-01-08,NIFTY100,19930.27
2022-02-08,NIFTY100,20036.16
2022-03-08,NIFTY100,20206.94
2022-04-08,NIFTY100,19889.07
2022-05-08,NIFTY100,20062.89
2022-08-08,NIFTY100,20130.13
2022-09-08,NIFTY100,20245.74
2022-10-08,NIFTY100,19954.81
2022-11-08,NIFTY100,20086.31
2022-12-08,NIFTY100,20065.79
2022-01-09,NIFTY100,20429.1
2022-02-09,NIFTY100,20447.55
2022-05-09,NIFTY100,20578.64
2022-06-09,NIFTY100,20518.78
2022-07-09,NIFTY100,20714.88
2022-08-09,NIFTY100,20634.8
2022-09-09,NIFTY100,20677.2
2022-12-09,NIFTY100,20800.12
2022-03-10,NIFTY100,20464.22
2022-04-10,NIFTY100,20475.87
2022-05-10,NIFTY100,20512.63
2022-06-10,NIFTY100,20828.8
2022-07-10,NIFTY100,20978.85
2022-10-10,NIFTY100,20965.83
2022-11-10,NIFTY100,20749.25
2022-12-10,NIFTY100,20989.02
2022-01-11,NIFTY100,19360.14
2022-02-11,NIFTY100,19352.78
2022-03-11,NIFTY100,19467.23
2022-04-11,NIFTY100,19566.26
2022-07-11,NIFTY100,19270.38
2022-08-11,NIFTY100,19115.3
2022-09-11,NIFTY100,19298.68
2022-10-11,NIFTY100,19225.62
2022-11-11,NIFTY100,19387.08
2022-01-12,NIFTY100,18317.08
2022-02-12,NIFTY100,18211.2
2022-05-12,NIFTY100,17972.63
2022-06-12,NIFTY100,18038.11
2022-07-12,NIFTY100,17877.15
2022-08-12,NIFTY100,17867.98
2022-09-12,NIFTY100,17804.79
2022-12-12,NIFTY100,17786.27
2023-02-01,NIFTY100,17146.9
2023-03-01,NIFTY100,17008.52
2023-04-01,NIFTY100,17200.21
2023-05-01,NIFTY100,17042.63
2023-06-01,NIFTY100,16888.11
2023-09-01,NIFTY100,16797.95
2023-10-01,NIFTY100,16948.6
2023-11-01,NIFTY100,17022.31
2023-12-01,NIFTY100,16994.79
2023-01-02,NIFTY100,16123.73
2023-02-02,NIFTY100,16074.67
2023-03-02,NIFTY100,15973.29
2023-06-02,NIFTY100,15803.43
2023-07-02,NIFTY100,15783.04
2023-08-02,NIFTY100,15696.6
2023-09-02,NIFTY100,15782.39
2023-10-02,NIFTY100,15628.56
2023-01-03,NIFTY100,16224.73
2023-02-03,NIFTY100,16299.24
2023-03-03,NIFTY100,16283.17
2023-06-03,NIFTY100,16186.05
2023-07-03,NIFTY100,16208.57
2023-08-03,NIFTY100,16229.83
2023-09-03,NIFTY100,16212.94
2023-10-03,NIFTY100,16281.66
2023-03-04,NIFTY100,15988.63
2023-04-04,NIFTY100,15987.69
2023-05-04,NIFTY100,15819.59
2023-06-04,NIFTY100,15729.21
2023-07-04,NIFTY100,15725.39
2023-10-04,NIFTY100,15633.06
2023-11-04,NIFTY100,15863.48
2023-12-04,NIFTY100,15891.47
2023-01-05,NIFTY100,16103.92
2023-02-05,NIFTY100,16135.48
2023-03-05,NIFTY100,16282.42
2023-04-05,NIFTY100,16012.4
2023-05-05,NIFTY100,15925.28
2023-08-05,NIFTY100,15643.97
2023-09-05,NIFTY100,15223.57
2023-10-05,NIFTY100,15236.78
2023-11-05,NIFTY100,15080.39
2023-12-05,NIFTY100,15182.46
2023-01-06,NIFTY100,15139.5
2023-02-06,NIFTY100,15194.66
2023-05-06,NIFTY100,15097.48
2023-06-06,NIFTY100,15125.97
2023-07-06,NIFTY100,15128.86
2023-08-06,NIFTY100,15215.84
2023-09-06,NIFTY100,15252.62
2023-12-06,NIFTY100,15163.26
2023-03-07,NIFTY100,15786.83
2023-04-07,NIFTY100,15661.22
2023-05-07,NIFTY100,15792.09
2023-06-07,NIFTY100,15850.73
2023-07-07,NIFTY100,16152.01
2023-10-07,NIFTY100,16199.27
2023-11-07,NIFTY100,16298.43
2023-12-07,NIFTY100,16086.96
2023-01-08,NIFTY100,16540.9
2023-02-08,NIFTY100,16788.5
2023-03-08,NIFTY100,16654.0
2023-04-08,NIFTY100,16649.87
2023-07-08,NIFTY100,16597.05
2023-08-08,NIFTY100,16658.89
2023-09-08,NIFTY100,16694.71
2023-10-08,NIFTY100,16547.88
2023-11-08,NIFTY100,16620.41
2023-01-09,NIFTY100,17713.52
2023-04-09,NIFTY100,17546.73
2023-05-09,NIFTY100,17722.32
2023-06-09,NIFTY100,17871.87
2023-07-09,NIFTY100,17927.29
2023-08-09,NIFTY100,17983.24
2023-11-09,NIFTY100,18076.37
2023-12-09,NIFTY100,17891.41
2023-02-10,NIFTY100,18011.46
2023-03-10,NIFTY100,17994.38
2023-04-10,NIFTY100,17912.11
2023-05-10,NIFTY100,18006.34
2023-06-10,NIFTY100,17948.68
2023-09-10,NIFTY100,17881.22
2023-10-10,NIFTY100,17993.35
2023-11-10,NIFTY100,17838.99
2023-12-10,NIFTY100,17715.56
2023-01-11,NIFTY100,17985.8
2023-02-11,NIFTY100,17815.63
2023-03-11,NIFTY100,17748.2
2023-06-11,NIFTY100,17517.72
2023-07-11,NIFTY100,17414.77
2023-08-11,NIFTY100,17406.75
2023-09-11,NIFTY100,17650.05
2023-10-11,NIFTY100,18022.49
2023-01-12,NIFTY100,19025.54
2023-04-12,NIFTY100,18935.92
2023-05-12,NIFTY100,18845.16
2023-06-12,NIFTY100,18510.3
2023-07-12,NIFTY100,18661.21
2023-08-12,NIFTY100,18669.1
2023-11-12,NIFTY100,18634.58
2023-12-12,NIFTY100,18575.85
2024-01-01,NIFTY100,18549.12
2024-02-01,NIFTY100,18638.25
2024-03-01,NIFTY100,18595.92
2024-04-01,NIFTY100,18576.09
2024-05-01,NIFTY100,18432.33
2024-08-01,NIFTY100,18519.39
2024-09-01,NIFTY100,18445.92
2024-10-01,NIFTY100,18290.2
2024-11-01,NIFTY100,18221.38
2024-12-01,NIFTY100,18352.06
2024-01-02,NIFTY100,17873.64
2024-02-02,NIFTY100,18012.03
2024-05-02,NIFTY100,18263.65
2024-06-02,NIFTY100,18308.39
2024-07-02,NIFTY100,18617.53
2024-08-02,NIFTY100,18759.69
2024-09-02,NIFTY100,19048.41
2024-12-02,NIFTY100,19021.64
2024-01-03,NIFTY100,18058.93
2024-04-03,NIFTY100,18109.85
2024-05-03,NIFTY100,17869.4
2024-06-03,NIFTY100,17705.06
2024-07-03,NIFTY100,17565.31
2024-08-03,NIFTY100,17543.19
2024-11-03,NIFTY100,17813.28
2024-12-03,NIFTY100,17906.49
2024-01-04,NIFTY100,16888.83
2024-02-04,NIFTY100,16870.69
2024-03-04,NIFTY100,16969.37
2024-04-04,NIFTY100,17110.64
2024-05-04,NIFTY100,17036.23
2024-08-04,NIFTY100,17011.92
2024-09-04,NIFTY100,16866.83
2024-10-04,NIFTY100,16808.29
2024-11-04,NIFTY100,16823.41
2024-12-04,NIFTY100,16935.63
2024-01-05,NIFTY100,17244.51
2024-02-05,NIFTY100,16997.14
2024-03-05,NIFTY100,17089.16
2024-06-05,NIFTY100,17048.91
2024-07-05,NIFTY100,17008.18
2024-08-05,NIFTY100,17089.87
2024-09-05,NIFTY100,17238.29
2024-10-05,NIFTY100,17284.24
2024-03-06,NIFTY100,16875.43
2024-04-06,NIFTY100,16788.29
2024-05-06,NIFTY100,16616.34
2024-06-06,NIFTY100,16538.08
2024-07-06,NIFTY100,16507.71
2024-10-06,NIFTY100,16501.34
2024-11-06,NIFTY100,16428.76
2024-12-06,NIFTY100,16409.74
2024-01-07,NIFTY100,15565.93
2024-02-07,NIFTY100,15737.05
2024-03-07,NIFTY100,15660.24
2024-04-07,NIFTY100,15639.34
2024-05-07,NIFTY100,15674.19
2024-08-07,NIFTY100,15645.06
2024-09-07,NIFTY100,15499.14
2024-10-07,NIFTY100,15630.27
2024-11-07,NIFTY100,15567.93
2024-12-07,NIFTY100,15648.16
2024-01-08,NIFTY100,15777.82
2024-02-08,NIFTY100,15755.2
2024-05-08,NIFTY100,15812.79
2024-06-08,NIFTY100,15700.58
2024-07-08,NIFTY100,15529.29
2024-08-08,NIFTY100,15362.67
2024-09-08,NIFTY100,15204.19
2024-12-08,NIFTY100,15278.12
2024-02-09,NIFTY100,14916.24
2024-03-09,NIFTY100,14810.0
2024-04-09,NIFTY100,14717.11
2024-05-09,NIFTY100,14805.13
2024-06-09,NIFTY100,14928.9
2024-09-09,NIFTY100,14898.73
2024-10-09,NIFTY100,14819.8
2024-11-09,NIFTY100,14888.06
2024-12-09,NIFTY100,14933.94
2024-01-10,NIFTY100,14730.0
2024-02-10,NIFTY100,14626.49
2024-03-10,NIFTY100,14594.44
2024-04-10,NIFTY100,14587.3
2024-07-10,NIFTY100,14390.67
2024-08-10,NIFTY100,14372.93
2024-09-10,NIFTY100,14490.4
2024-10-10,NIFTY100,14346.96
2024-11-10,NIFTY100,14366.73
2024-01-11,NIFTY100,14279.33
2024-04-11,NIFTY100,14373.15
2024-05-11,NIFTY100,14218.52
2024-06-11,NIFTY100,14269.15
2024-07-11,NIFTY100,14414.19
2024-08-11,NIFTY100,14369.34
2024-11-11,NIFTY100,14300.81
2024-12-11,NIFTY100,14232.26
2024-02-12,NIFTY100,15100.92
2024-03-12,NIFTY100,15148.34
2024-04-12,NIFTY100,15118.43
2024-05-12,NIFTY100,15184.85
2024-06-12,NIFTY100,15190.58
2024-09-12,NIFTY100,15262.58
2024-10-12,NIFTY100,15156.27
2024-11-12,NIFTY100,15299.43
2024-12-12,NIFTY100,15429.09
2025-01-01,NIFTY100,15482.17
2025-02-01,NIFTY100,15590.37
2025-03-01,NIFTY100,15717.14
2025-06-01,NIFTY100,15703.81
2025-07-01,NIFTY100,15798.1
2025-08-01,NIFTY100,15968.03
2025-09-01,NIFTY100,15933.63
2025-10-01,NIFTY100,16129.36
2025-03-02,NIFTY100,15876.03
2025-04-02,NIFTY100,15997.59
2025-05-02,NIFTY100,16093.28
2025-06-02,NIFTY100,16053.21
2025-07-02,NIFTY100,16190.65
2025-10-02,NIFTY100,15923.94
2025-11-02,NIFTY100,15886.99
2025-12-02,NIFTY100,15826.68
2025-03-03,NIFTY100,15647.53
2025-04-03,NIFTY100,15529.22
2025-05-03,NIFTY100,15422.27
2025-06-03,NIFTY100,15371.45
2025-07-03,NIFTY100,15453.5
2025-10-03,NIFTY100,15425.92
2025-11-03,NIFTY100,15284.25
2025-12-03,NIFTY100,15177.11
2025-01-04,NIFTY100,14563.29
2025-02-04,NIFTY100,14500.85
2025-03-04,NIFTY100,14692.44
2025-04-04,NIFTY100,14557.4
2025-07-04,NIFTY100,14592.18
2025-08-04,NIFTY100,14561.42
2025-09-04,NIFTY100,14623.43
2025-10-04,NIFTY100,14551.18
2025-11-04,NIFTY100,14371.11
2025-01-05,NIFTY100,14730.4
2025-02-05,NIFTY100,14759.0
2025-05-05,NIFTY100,15081.25
2025-06-05,NIFTY100,15131.41
2025-07-05,NIFTY100,15207.67
2025-08-05,NIFTY100,14991.01
2025-09-05,NIFTY100,15098.24
2025-12-05,NIFTY100,15407.35
2025-02-06,NIFTY100,16081.24
2025-03-06,NIFTY100,16138.5
2025-04-06,NIFTY100,16089.19
2025-05-06,NIFTY100,15940.9
2025-06-06,NIFTY100,15997.98
2025-09-06,NIFTY100,15967.7
2025-10-06,NIFTY100,16186.98
2025-11-06,NIFTY100,16316.11
2025-12-06,NIFTY100,16369.52
2025-01-07,NIFTY100,15613.14
2025-02-07,NIFTY100,15679.98
2025-03-07,NIFTY100,15768.89
2025-04-07,NIFTY100,15676.47
2025-07-07,NIFTY100,15749.54
2025-08-07,NIFTY100,15733.4
2025-09-07,NIFTY100,15741.0
2025-10-07,NIFTY100,15670.84
2025-11-07,NIFTY100,15476.97
2025-01-08,NIFTY100,16076.99
2025-04-08,NIFTY100,15963.92
2025-05-08,NIFTY100,16135.43
2025-06-08,NIFTY100,15934.59
2025-07-08,NIFTY100,15950.57
2025-08-08,NIFTY100,15869.54
2025-11-08,NIFTY100,15956.12
2025-12-08,NIFTY100,15908.46
2025-01-09,NIFTY100,16435.26
2025-02-09,NIFTY100,16549.98
2025-03-09,NIFTY100,16685.24
2025-04-09,NIFTY100,16772.48
2025-05-09,NIFTY100,16874.21
2025-08-09,NIFTY100,17065.23
2025-09-09,NIFTY100,17074.14
2025-10-09,NIFTY100,17057.3
2025-11-09,NIFTY100,17133.18
2025-12-09,NIFTY100,17155.4
2025-01-10,NIFTY100,17489.17
2025-02-10,NIFTY100,17421.42
2025-03-10,NIFTY100,17284.96
2025-06-10,NIFTY100,17086.94
2025-07-10,NIFTY100,17030.11
2025-08-10,NIFTY100,17046.39
2025-09-10,NIFTY100,17184.56
2025-10-10,NIFTY100,16907.35
2025-03-11,NIFTY100,16884.7
2025-04-11,NIFTY100,17076.29
2025-05-11,NIFTY100,17198.7
2025-06-11,NIFTY100,17064.14
2025-07-11,NIFTY100,17242.99
2025-10-11,NIFTY100,17104.47
2025-11-11,NIFTY100,16988.07
2025-12-11,NIFTY100,17142.78
2025-01-12,NIFTY100,17801.56
2025-02-12,NIFTY100,18020.5
2025-03-12,NIFTY100,17958.85
2025-04-12,NIFTY100,17951.03
2025-05-12,NIFTY100,17774.98
2025-08-12,NIFTY100,18011.98
2025-09-12,NIFTY100,18038.89
2025-10-12,NIFTY100,17846.08
2025-11-12,NIFTY100,18098.03
2025-12-12,NIFTY100,18006.31
2026-01-01,NIFTY100,17989.44
2026-02-01,NIFTY100,17950.77
2026-05-01,NIFTY100,17696.2
2026-06-01,NIFTY100,17746.43
2026-07-01,NIFTY100,17838.7
2026-08-01,NIFTY100,17798.1
2026-09-01,NIFTY100,18172.83
2026-12-01,NIFTY100,18110.58
2026-02-02,NIFTY100,18287.32
2026-03-02,NIFTY100,18274.68
2026-04-02,NIFTY100,18397.52
2026-05-02,NIFTY100,18453.28
2026-06-02,NIFTY100,18399.73
2026-09-02,NIFTY100,18160.3
2026-10-02,NIFTY100,18193.73
2026-11-02,NIFTY100,18322.7
2026-12-02,NIFTY100,18399.89
2026-02-03,NIFTY100,18056.33
2026-03-03,NIFTY100,17933.37
2026-04-03,NIFTY100,18118.0
2026-05-03,NIFTY100,18189.69
2026-06-03,NIFTY100,18279.69
2026-09-03,NIFTY100,18277.65
2026-10-03,NIFTY100,18237.19
2026-11-03,NIFTY100,18138.31
2026-12-03,NIFTY100,18023.65
2026-01-04,NIFTY100,17782.44
2026-02-04,NIFTY100,17760.9
2026-03-04,NIFTY100,17793.29
2026-06-04,NIFTY100,17697.48
2026-07-04,NIFTY100,17758.78
2026-08-04,NIFTY100,17897.71
2026-09-04,NIFTY100,17992.09
2026-10-04,NIFTY100,17994.82
2026-01-05,NIFTY100,18566.52
2026-04-05,NIFTY100,18608.36
2026-05-05,NIFTY100,18728.99
2026-06-05,NIFTY100,18921.78
2026-07-05,NIFTY100,19160.18
2026-08-05,NIFTY100,18871.35
2026-11-05,NIFTY100,18762.08
2026-12-05,NIFTY100,18904.22
2022-03-01,NIFTY_MIDCAP150,9721.79
2022-04-01,NIFTY_MIDCAP150,9954.23
2022-05-01,NIFTY_MIDCAP150,9859.05
2022-06-01,NIFTY_MIDCAP150,9787.54
2022-07-01,NIFTY_MIDCAP150,9803.31
2022-10-01,NIFTY_MIDCAP150,9844.45
2022-11-01,NIFTY_MIDCAP150,9791.21
2022-12-01,NIFTY_MIDCAP150,9876.14
2022-01-02,NIFTY_MIDCAP150,9874.99
2022-02-02,NIFTY_MIDCAP150,9791.4
2022-03-02,NIFTY_MIDCAP150,9899.67
2022-04-02,NIFTY_MIDCAP150,9734.45
2022-07-02,NIFTY_MIDCAP150,9737.12
2022-08-02,NIFTY_MIDCAP150,9858.09
2022-09-02,NIFTY_MIDCAP150,9884.01
2022-10-02,NIFTY_MIDCAP150,9874.6
2022-11-02,NIFTY_MIDCAP150,10031.8
2022-01-03,NIFTY_MIDCAP150,9878.28
2022-02-03,NIFTY_MIDCAP150,9896.16
2022-03-03,NIFTY_MIDCAP150,9794.5
2022-04-03,NIFTY_MIDCAP150,9629.72
2022-07-03,NIFTY_MIDCAP150,9745.27
2022-08-03,NIFTY_MIDCAP150,9762.76
2022-09-03,NIFTY_MIDCAP150,9619.52
2022-10-03,NIFTY_MIDCAP150,9667.41
2022-11-03,NIFTY_MIDCAP150,9671.17
2022-01-04,NIFTY_MIDCAP150,10229.89
2022-04-04,NIFTY_MIDCAP150,10056.36
2022-05-04,NIFTY_MIDCAP150,10142.53
2022-06-04,NIFTY_MIDCAP150,10150.44
2022-07-04,NIFTY_MIDCAP150,10019.96
2022-08-04,NIFTY_MIDCAP150,10146.23
2022-11-04,NIFTY_MIDCAP150,10134.08
2022-12-04,NIFTY_MIDCAP150,10227.08
2022-02-05,NIFTY_MIDCAP150,9906.82
2022-03-05,NIFTY_MIDCAP150,10144.9
2022-04-05,NIFTY_MIDCAP150,10123.45
2022-05-05,NIFTY_MIDCAP150,10148.68
2022-06-05,NIFTY_MIDCAP150,9992.14
2022-09-05,NIFTY_MIDCAP150,9936.43
2022-10-05,NIFTY_MIDCAP150,9713.54
2022-11-05,NIFTY_MIDCAP150,9974.15
2022-12-05,NIFTY_MIDCAP150,9768.68
2022-01-06,NIFTY_MIDCAP150,9262.6
2022-02-06,NIFTY_MIDCAP150,9345.89
2022-03-06,NIFTY_MIDCAP150,9216.09
2022-06-06,NIFTY_MIDCAP150,9135.72
2022-07-06,NIFTY_MIDCAP150,9145.49
2022-08-06,NIFTY_MIDCAP150,9203.88
2022-09-06,NIFTY_MIDCAP150,9363.82
2022-10-06,NIFTY_MIDCAP150,9443.04
2022-01-07,NIFTY_MIDCAP150,9254.75
2022-04-07,NIFTY_MIDCAP150,9295.78
2022-05-07,NIFTY_MIDCAP150,9211.53
2022-06-07,NIFTY_MIDCAP150,9119.79
2022-07-07,NIFTY_MIDCAP150,9213.66
2022-08-07,NIFTY_MIDCAP150,8980.6
2022-11-07,NIFTY_MIDCAP150,9125.44
2022-12-07,NIFTY_MIDCAP150,9053.99
2022-01-08,NIFTY_MIDCAP150,9400.94
2022-02-08,NIFTY_MIDCAP150,9417.04
2022-03-08,NIFTY_MIDCAP150,9327.66
2022-04-08,NIFTY_MIDCAP150,9524.35
2022-05-08,NIFTY_MIDCAP150,9566.41
2022-08-08,NIFTY_MIDCAP150,9663.72
2022-09-08,NIFTY_MIDCAP150,9624.67
2022-10-08,NIFTY_MIDCAP150,9584.78
2022-11-08,NIFTY_MIDCAP150,9603.1
2022-12-08,NIFTY_MIDCAP150,9667.97
2022-01-09,NIFTY_MIDCAP150,10162.9
2022-02-09,NIFTY_MIDCAP150,10080.16
2022-05-09,NIFTY_MIDCAP150,10185.96
2022-06-09,NIFTY_MIDCAP150,10462.37
2022-07-09,NIFTY_MIDCAP150,10424.04
2022-08-09,NIFTY_MIDCAP150,10407.45
2022-09-09,NIFTY_MIDCAP150,10397.42
2022-12-09,NIFTY_MIDCAP150,10368.33
2022-03-10,NIFTY_MIDCAP150,11187.51
2022-04-10,NIFTY_MIDCAP150,10980.96
2022-05-10,NIFTY_MIDCAP150,11156.66
2022-06-10,NIFTY_MIDCAP150,11249.84
2022-07-10,NIFTY_MIDCAP150,11087.15
2022-10-10,NIFTY_MIDCAP150,11134.51
2022-11-10,NIFTY_MIDCAP150,10930.32
2022-12-10,NIFTY_MIDCAP150,11022.46
2022-01-11,NIFTY_MIDCAP150,11679.69
2022-02-11,NIFTY_MIDCAP150,11761.12
2022-03-11,NIFTY_MIDCAP150,11850.16
2022-04-11,NIFTY_MIDCAP150,11949.23
2022-07-11,NIFTY_MIDCAP150,11806.28
2022-08-11,NIFTY_MIDCAP150,11699.3
2022-09-11,NIFTY_MIDCAP150,11794.88
2022-10-11,NIFTY_MIDCAP150,11814.8
2022-11-11,NIFTY_MIDCAP150,11720.43
2022-01-12,NIFTY_MIDCAP150,11695.01
2022-02-12,NIFTY_MIDCAP150,11974.0
2022-05-12,NIFTY_MIDCAP150,11974.01
2022-06-12,NIFTY_MIDCAP150,12032.93
2022-07-12,NIFTY_MIDCAP150,12206.9
2022-08-12,NIFTY_MIDCAP150,12213.89
2022-09-12,NIFTY_MIDCAP150,12280.09
2022-12-12,NIFTY_MIDCAP150,12095.25
2023-02-01,NIFTY_MIDCAP150,12497.13
2023-03-01,NIFTY_MIDCAP150,12694.86
2023-04-01,NIFTY_MIDCAP150,12695.85
2023-05-01,NIFTY_MIDCAP150,13035.18
2023-06-01,NIFTY_MIDCAP150,12744.58
2023-09-01,NIFTY_MIDCAP150,12722.57
2023-10-01,NIFTY_MIDCAP150,12987.26
2023-11-01,NIFTY_MIDCAP150,12945.39
2023-12-01,NIFTY_MIDCAP150,13127.16
2023-01-02,NIFTY_MIDCAP150,13531.39
2023-02-02,NIFTY_MIDCAP150,13658.74
2023-03-02,NIFTY_MIDCAP150,13643.18
2023-06-02,NIFTY_MIDCAP150,13906.26
2023-07-02,NIFTY_MIDCAP150,13663.65
2023-08-02,NIFTY_MIDCAP150,13750.68
2023-09-02,NIFTY_MIDCAP150,14162.58
2023-10-02,NIFTY_MIDCAP150,14054.53
2023-01-03,NIFTY_MIDCAP150,13624.58
2023-02-03,NIFTY_MIDCAP150,13494.2
2023-03-03,NIFTY_MIDCAP150,13723.27
2023-06-03,NIFTY_MIDCAP150,13966.91
2023-07-03,NIFTY_MIDCAP150,13769.57
2023-08-03,NIFTY_MIDCAP150,13717.73
2023-09-03,NIFTY_MIDCAP150,13797.18
2023-10-03,NIFTY_MIDCAP150,13665.87
2023-03-04,NIFTY_MIDCAP150,14996.61
2023-04-04,NIFTY_MIDCAP150,14987.98
2023-05-04,NIFTY_MIDCAP150,15048.48
2023-06-04,NIFTY_MIDCAP150,15086.34
2023-07-04,NIFTY_MIDCAP150,15100.72
2023-10-04,NIFTY_MIDCAP150,15288.02
2023-11-04,NIFTY_MIDCAP150,15661.74
2023-12-04,NIFTY_MIDCAP150,15850.3
2023-01-05,NIFTY_MIDCAP150,16648.14
2023-02-05,NIFTY_MIDCAP150,16558.97
2023-03-05,NIFTY_MIDCAP150,16444.41
2023-04-05,NIFTY_MIDCAP150,16584.96
2023-05-05,NIFTY_MIDCAP150,16581.98
2023-08-05,NIFTY_MIDCAP150,16825.55
2023-09-05,NIFTY_MIDCAP150,16899.12
2023-10-05,NIFTY_MIDCAP150,16905.96
2023-11-05,NIFTY_MIDCAP150,16701.72
2023-12-05,NIFTY_MIDCAP150,16723.65
2023-01-06,NIFTY_MIDCAP150,16481.87
2023-02-06,NIFTY_MIDCAP150,16739.23
2023-05-06,NIFTY_MIDCAP150,16612.56
2023-06-06,NIFTY_MIDCAP150,16551.2
2023-07-06,NIFTY_MIDCAP150,16660.56
2023-08-06,NIFTY_MIDCAP150,16784.15
2023-09-06,NIFTY_MIDCAP150,16842.56
2023-12-06,NIFTY_MIDCAP150,16783.89
2023-03-07,NIFTY_MIDCAP150,17751.6
2023-04-07,NIFTY_MIDCAP150,17431.64
2023-05-07,NIFTY_MIDCAP150,17176.68
2023-06-07,NIFTY_MIDCAP150,17068.19
2023-07-07,NIFTY_MIDCAP150,17225.63
2023-10-07,NIFTY_MIDCAP150,17184.39
2023-11-07,NIFTY_MIDCAP150,17034.86
2023-12-07,NIFTY_MIDCAP150,17114.42
2023-01-08,NIFTY_MIDCAP150,17829.97
2023-02-08,NIFTY_MIDCAP150,17963.2
2023-03-08,NIFTY_MIDCAP150,17957.03
2023-04-08,NIFTY_MIDCAP150,17942.46
2023-07-08,NIFTY_MIDCAP150,17741.25
2023-08-08,NIFTY_MIDCAP150,17558.18
2023-09-08,NIFTY_MIDCAP150,17533.05
2023-10-08,NIFTY_MIDCAP150,17247.91
2023-11-08,NIFTY_MIDCAP150,17257.03
2023-01-09,NIFTY_MIDCAP150,17943.9
2023-04-09,NIFTY_MIDCAP150,18032.5
2023-05-09,NIFTY_MIDCAP150,18028.95
2023-06-09,NIFTY_MIDCAP150,18370.34
2023-07-09,NIFTY_MIDCAP150,18208.43
2023-08-09,NIFTY_MIDCAP150,18338.67
2023-11-09,NIFTY_MIDCAP150,18268.95
2023-12-09,NIFTY_MIDCAP150,18254.73
2023-02-10,NIFTY_MIDCAP150,17959.68
2023-03-10,NIFTY_MIDCAP150,17857.59
2023-04-10,NIFTY_MIDCAP150,17709.55
2023-05-10,NIFTY_MIDCAP150,17655.87
2023-06-10,NIFTY_MIDCAP150,17840.1
2023-09-10,NIFTY_MIDCAP150,17900.97
2023-10-10,NIFTY_MIDCAP150,17983.74
2023-11-10,NIFTY_MIDCAP150,18134.58
2023-12-10,NIFTY_MIDCAP150,18106.45
2023-01-11,NIFTY_MIDCAP150,19092.71
2023-02-11,NIFTY_MIDCAP150,19033.87
2023-03-11,NIFTY_MIDCAP150,18985.65
2023-06-11,NIFTY_MIDCAP150,19011.72
2023-07-11,NIFTY_MIDCAP150,19100.07
2023-08-11,NIFTY_MIDCAP150,19271.2
2023-09-11,NIFTY_MIDCAP150,19049.32
2023-10-11,NIFTY_MIDCAP150,19266.74
2023-01-12,NIFTY_MIDCAP150,20167.14
2023-04-12,NIFTY_MIDCAP150,19918.39
2023-05-12,NIFTY_MIDCAP150,19901.79
2023-06-12,NIFTY_MIDCAP150,19965.7
2023-07-12,NIFTY_MIDCAP150,19918.88
2023-08-12,NIFTY_MIDCAP150,20401.09
2023-11-12,NIFTY_MIDCAP150,20347.07
2023-12-12,NIFTY_MIDCAP150,20270.96
2024-01-01,NIFTY_MIDCAP150,23517.16
2024-02-01,NIFTY_MIDCAP150,23802.98
2024-03-01,NIFTY_MIDCAP150,23486.07
2024-04-01,NIFTY_MIDCAP150,23446.63
2024-05-01,NIFTY_MIDCAP150,23178.28
2024-08-01,NIFTY_MIDCAP150,23146.2
2024-09-01,NIFTY_MIDCAP150,23279.3
2024-10-01,NIFTY_MIDCAP150,23255.26
2024-11-01,NIFTY_MIDCAP150,23232.12
2024-12-01,NIFTY_MIDCAP150,22892.05
2024-01-02,NIFTY_MIDCAP150,24673.62
2024-02-02,NIFTY_MIDCAP150,24688.25
2024-05-02,NIFTY_MIDCAP150,24775.39
2024-06-02,NIFTY_MIDCAP150,24374.77
2024-07-02,NIFTY_MIDCAP150,24680.14
2024-08-02,NIFTY_MIDCAP150,24773.83
2024-09-02,NIFTY_MIDCAP150,24540.12
2024-12-02,NIFTY_MIDCAP150,24749.54
2024-01-03,NIFTY_MIDCAP150,24012.16
2024-04-03,NIFTY_MIDCAP150,24385.97
2024-05-03,NIFTY_MIDCAP150,24602.54
2024-06-03,NIFTY_MIDCAP150,25147.03
2024-07-03,NIFTY_MIDCAP150,25565.49
2024-08-03,NIFTY_MIDCAP150,25811.91
2024-11-03,NIFTY_MIDCAP150,26051.84
2024-12-03,NIFTY_MIDCAP150,25895.63
2024-01-04,NIFTY_MIDCAP150,25695.82
2024-02-04,NIFTY_MIDCAP150,25927.97
2024-03-04,NIFTY_MIDCAP150,25806.46
2024-04-04,NIFTY_MIDCAP150,25588.14
2024-05-04,NIFTY_MIDCAP150,25689.63
2024-08-04,NIFTY_MIDCAP150,25729.56
2024-09-04,NIFTY_MIDCAP150,26000.44
2024-10-04,NIFTY_MIDCAP150,25816.42
2024-11-04,NIFTY_MIDCAP150,25772.88
2024-12-04,NIFTY_MIDCAP150,26017.53
2024-01-05,NIFTY_MIDCAP150,27299.31
2024-02-05,NIFTY_MIDCAP150,27100.19
2024-03-05,NIFTY_MIDCAP150,27188.78
2024-06-05,NIFTY_MIDCAP150,27395.82
2024-07-05,NIFTY_MIDCAP150,27658.74
2024-08-05,NIFTY_MIDCAP150,27650.75
2024-09-05,NIFTY_MIDCAP150,27602.49
2024-10-05,NIFTY_MIDCAP150,27888.82
2024-03-06,NIFTY_MIDCAP150,27815.24
2024-04-06,NIFTY_MIDCAP150,27746.21
2024-05-06,NIFTY_MIDCAP150,27536.84
2024-06-06,NIFTY_MIDCAP150,27300.7
2024-07-06,NIFTY_MIDCAP150,27333.86
2024-10-06,NIFTY_MIDCAP150,27346.65
2024-11-06,NIFTY_MIDCAP150,27130.41
2024-12-06,NIFTY_MIDCAP150,26655.2
2024-01-07,NIFTY_MIDCAP150,27175.42
2024-02-07,NIFTY_MIDCAP150,26896.48
2024-03-07,NIFTY_MIDCAP150,27056.68
2024-04-07,NIFTY_MIDCAP150,27293.8
2024-05-07,NIFTY_MIDCAP150,27390.57
2024-08-07,NIFTY_MIDCAP150,27158.7
2024-09-07,NIFTY_MIDCAP150,26787.25
2024-10-07,NIFTY_MIDCAP150,27005.95
2024-11-07,NIFTY_MIDCAP150,27278.3
2024-12-07,NIFTY_MIDCAP150,27640.52
2024-01-08,NIFTY_MIDCAP150,27152.66
2024-02-08,NIFTY_MIDCAP150,27609.24
2024-05-08,NIFTY_MIDCAP150,27794.38
2024-06-08,NIFTY_MIDCAP150,27852.07
2024-07-08,NIFTY_MIDCAP150,28317.15
2024-08-08,NIFTY_MIDCAP150,28360.75
2024-09-08,NIFTY_MIDCAP150,28729.05
2024-12-08,NIFTY_MIDCAP150,28424.91
2024-02-09,NIFTY_MIDCAP150,29481.68
2024-03-09,NIFTY_MIDCAP150,29255.28
2024-04-09,NIFTY_MIDCAP150,28632.74
2024-05-09,NIFTY_MIDCAP150,28576.99
2024-06-09,NIFTY_MIDCAP150,28684.76
2024-09-09,NIFTY_MIDCAP150,28902.69
2024-10-09,NIFTY_MIDCAP150,28958.06
2024-11-09,NIFTY_MIDCAP150,28749.24
2024-12-09,NIFTY_MIDCAP150,28605.42
2024-01-10,NIFTY_MIDCAP150,27350.11
2024-02-10,NIFTY_MIDCAP150,27332.93
2024-03-10,NIFTY_MIDCAP150,27449.92
2024-04-10,NIFTY_MIDCAP150,27272.19
2024-07-10,NIFTY_MIDCAP150,27329.83
2024-08-10,NIFTY_MIDCAP150,27310.18
2024-09-10,NIFTY_MIDCAP150,27115.28
2024-10-10,NIFTY_MIDCAP150,26634.68
2024-11-10,NIFTY_MIDCAP150,27057.16
2024-01-11,NIFTY_MIDCAP150,28137.69
2024-04-11,NIFTY_MIDCAP150,27617.39
2024-05-11,NIFTY_MIDCAP150,28152.57
2024-06-11,NIFTY_MIDCAP150,28715.39
2024-07-11,NIFTY_MIDCAP150,28581.36
2024-08-11,NIFTY_MIDCAP150,28693.51
2024-11-11,NIFTY_MIDCAP150,28472.99
2024-12-11,NIFTY_MIDCAP150,28225.76
2024-02-12,NIFTY_MIDCAP150,29626.17
2024-03-12,NIFTY_MIDCAP150,30260.81
2024-04-12,NIFTY_MIDCAP150,30302.55
2024-05-12,NIFTY_MIDCAP150,30574.68
2024-06-12,NIFTY_MIDCAP150,30779.0
2024-09-12,NIFTY_MIDCAP150,30550.08
2024-10-12,NIFTY_MIDCAP150,30099.69
2024-11-12,NIFTY_MIDCAP150,30331.81
2024-12-12,NIFTY_MIDCAP150,30590.31
2025-01-01,NIFTY_MIDCAP150,30402.21
2025-02-01,NIFTY_MIDCAP150,29595.57
2025-03-01,NIFTY_MIDCAP150,29478.76
2025-06-01,NIFTY_MIDCAP150,29965.55
2025-07-01,NIFTY_MIDCAP150,29965.1
2025-08-01,NIFTY_MIDCAP150,29993.57
2025-09-01,NIFTY_MIDCAP150,30278.52
2025-10-01,NIFTY_MIDCAP150,30479.55
2025-03-02,NIFTY_MIDCAP150,30581.28
2025-04-02,NIFTY_MIDCAP150,30787.79
2025-05-02,NIFTY_MIDCAP150,30417.12
2025-06-02,NIFTY_MIDCAP150,30422.48
2025-07-02,NIFTY_MIDCAP150,30029.74
2025-10-02,NIFTY_MIDCAP150,30428.47
2025-11-02,NIFTY_MIDCAP150,30082.58
2025-12-02,NIFTY_MIDCAP150,30114.49
2025-03-03,NIFTY_MIDCAP150,32326.19
2025-04-03,NIFTY_MIDCAP150,32490.53
2025-05-03,NIFTY_MIDCAP150,32526.17
2025-06-03,NIFTY_MIDCAP150,32450.48
2025-07-03,NIFTY_MIDCAP150,32152.27
2025-10-03,NIFTY_MIDCAP150,32490.39
2025-11-03,NIFTY_MIDCAP150,32209.86
2025-12-03,NIFTY_MIDCAP150,31555.45
2025-01-04,NIFTY_MIDCAP150,30966.5
2025-02-04,NIFTY_MIDCAP150,31600.7
2025-03-04,NIFTY_MIDCAP150,31190.44
2025-04-04,NIFTY_MIDCAP150,31144.6
2025-07-04,NIFTY_MIDCAP150,30752.24
2025-08-04,NIFTY_MIDCAP150,31340.99
2025-09-04,NIFTY_MIDCAP150,30944.13
2025-10-04,NIFTY_MIDCAP150,30717.7
2025-11-04,NIFTY_MIDCAP150,30335.75
2025-01-05,NIFTY_MIDCAP150,29254.78
2025-02-05,NIFTY_MIDCAP150,29354.44
2025-05-05,NIFTY_MIDCAP150,30084.96
2025-06-05,NIFTY_MIDCAP150,29784.44
2025-07-05,NIFTY_MIDCAP150,29781.31
2025-08-05,NIFTY_MIDCAP150,30205.38
2025-09-05,NIFTY_MIDCAP150,30540.16
2025-12-05,NIFTY_MIDCAP150,30773.41
2025-02-06,NIFTY_MIDCAP150,31451.06
2025-03-06,NIFTY_MIDCAP150,30830.52
2025-04-06,NIFTY_MIDCAP150,30764.57
2025-05-06,NIFTY_MIDCAP150,30588.81
2025-06-06,NIFTY_MIDCAP150,30721.85
2025-09-06,NIFTY_MIDCAP150,30919.72
2025-10-06,NIFTY_MIDCAP150,30990.57
2025-11-06,NIFTY_MIDCAP150,30310.63
2025-12-06,NIFTY_MIDCAP150,29640.44
2025-01-07,NIFTY_MIDCAP150,27454.98
2025-02-07,NIFTY_MIDCAP150,27348.67
2025-03-07,NIFTY_MIDCAP150,27189.32
2025-04-07,NIFTY_MIDCAP150,27195.37
2025-07-07,NIFTY_MIDCAP150,27417.0
2025-08-07,NIFTY_MIDCAP150,27634.14
2025-09-07,NIFTY_MIDCAP150,27843.41
2025-10-07,NIFTY_MIDCAP150,27959.35
2025-11-07,NIFTY_MIDCAP150,27613.89
2025-01-08,NIFTY_MIDCAP150,30047.02
2025-04-08,NIFTY_MIDCAP150,29818.84
2025-05-08,NIFTY_MIDCAP150,29959.88
2025-06-08,NIFTY_MIDCAP150,29888.06
2025-07-08,NIFTY_MIDCAP150,30168.35
2025-08-08,NIFTY_MIDCAP150,29839.93
2025-11-08,NIFTY_MIDCAP150,29851.86
2025-12-08,NIFTY_MIDCAP150,29257.7
2025-01-09,NIFTY_MIDCAP150,31765.03
2025-02-09,NIFTY_MIDCAP150,31747.98
2025-03-09,NIFTY_MIDCAP150,31495.39
2025-04-09,NIFTY_MIDCAP150,31483.81
2025-05-09,NIFTY_MIDCAP150,31620.21
2025-08-09,NIFTY_MIDCAP150,30980.47
2025-09-09,NIFTY_MIDCAP150,30688.66
2025-10-09,NIFTY_MIDCAP150,30194.5
2025-11-09,NIFTY_MIDCAP150,30719.14
2025-12-09,NIFTY_MIDCAP150,30697.57
2025-01-10,NIFTY_MIDCAP150,30917.91
2025-02-10,NIFTY_MIDCAP150,30796.43
2025-03-10,NIFTY_MIDCAP150,31235.16
2025-06-10,NIFTY_MIDCAP150,31213.34
2025-07-10,NIFTY_MIDCAP150,30347.31
2025-08-10,NIFTY_MIDCAP150,30601.69
2025-09-10,NIFTY_MIDCAP150,30749.15
2025-10-10,NIFTY_MIDCAP150,30508.98
2025-03-11,NIFTY_MIDCAP150,31771.89
2025-04-11,NIFTY_MIDCAP150,31296.59
2025-05-11,NIFTY_MIDCAP150,30926.29
2025-06-11,NIFTY_MIDCAP150,30941.68
2025-07-11,NIFTY_MIDCAP150,30192.05
2025-10-11,NIFTY_MIDCAP150,30369.47
2025-11-11,NIFTY_MIDCAP150,30600.75
2025-12-11,NIFTY_MIDCAP150,30019.5
2025-01-12,NIFTY_MIDCAP150,30277.25
2025-02-12,NIFTY_MIDCAP150,30435.44
2025-03-12,NIFTY_MIDCAP150,29923.96
2025-04-12,NIFTY_MIDCAP150,30272.29
2025-05-12,NIFTY_MIDCAP150,30552.69
2025-08-12,NIFTY_MIDCAP150,30427.87
2025-09-12,NIFTY_MIDCAP150,30366.77
2025-10-12,NIFTY_MIDCAP150,30551.15
2025-11-12,NIFTY_MIDCAP150,30104.14
2025-12-12,NIFTY_MIDCAP150,30021.57
2026-01-01,NIFTY_MIDCAP150,28882.82
2026-02-01,NIFTY_MIDCAP150,28712.3
2026-05-01,NIFTY_MIDCAP150,28628.65
2026-06-01,NIFTY_MIDCAP150,28140.18
2026-07-01,NIFTY_MIDCAP150,28325.04
2026-08-01,NIFTY_MIDCAP150,28482.63
2026-09-01,NIFTY_MIDCAP150,28781.91
2026-12-01,NIFTY_MIDCAP150,29263.11
2026-02-02,NIFTY_MIDCAP150,28987.51
2026-03-02,NIFTY_MIDCAP150,28676.71
2026-04-02,NIFTY_MIDCAP150,28707.29
2026-05-02,NIFTY_MIDCAP150,28690.44
2026-06-02,NIFTY_MIDCAP150,29080.87
2026-09-02,NIFTY_MIDCAP150,29244.0
2026-10-02,NIFTY_MIDCAP150,29500.03
2026-11-02,NIFTY_MIDCAP150,29395.55
2026-12-02,NIFTY_MIDCAP150,29552.37
2026-02-03,NIFTY_MIDCAP150,31763.06
2026-03-03,NIFTY_MIDCAP150,31953.29
2026-04-03,NIFTY_MIDCAP150,32109.07
2026-05-03,NIFTY_MIDCAP150,31923.09
2026-06-03,NIFTY_MIDCAP150,31238.0
2026-09-03,NIFTY_MIDCAP150,31047.48
2026-10-03,NIFTY_MIDCAP150,31123.31
2026-11-03,NIFTY_MIDCAP150,31503.08
2026-12-03,NIFTY_MIDCAP150,32064.32
2026-01-04,NIFTY_MIDCAP150,32060.72
2026-02-04,NIFTY_MIDCAP150,31765.19
2026-03-04,NIFTY_MIDCAP150,31420.75
2026-06-04,NIFTY_MIDCAP150,31316.6
2026-07-04,NIFTY_MIDCAP150,31423.15
2026-08-04,NIFTY_MIDCAP150,31525.63
2026-09-04,NIFTY_MIDCAP150,31433.73
2026-10-04,NIFTY_MIDCAP150,31267.19
2026-01-05,NIFTY_MIDCAP150,31822.38
2026-04-05,NIFTY_MIDCAP150,31998.33
2026-05-05,NIFTY_MIDCAP150,31199.73
2026-06-05,NIFTY_MIDCAP150,31239.91
2026-07-05,NIFTY_MIDCAP150,30869.71
2026-08-05,NIFTY_MIDCAP150,30662.83
2026-11-05,NIFTY_MIDCAP150,30640.59
2026-12-05,NIFTY_MIDCAP150,30992.97
2022-03-01,BSE_SMALLCAP,26554.6
2022-04-01,BSE_SMALLCAP,27079.92
2022-05-01,BSE_SMALLCAP,27313.35
2022-06-01,BSE_SMALLCAP,27377.05
2022-07-01,BSE_SMALLCAP,26316.86
2022-10-01,BSE_SMALLCAP,26476.06
2022-11-01,BSE_SMALLCAP,26462.96
2022-12-01,BSE_SMALLCAP,26090.99
2022-01-02,BSE_SMALLCAP,28046.09
2022-02-02,BSE_SMALLCAP,27785.09
2022-03-02,BSE_SMALLCAP,27961.09
2022-04-02,BSE_SMALLCAP,28591.9
2022-07-02,BSE_SMALLCAP,29046.44
2022-08-02,BSE_SMALLCAP,29586.64
2022-09-02,BSE_SMALLCAP,28860.83
2022-10-02,BSE_SMALLCAP,28105.41
2022-11-02,BSE_SMALLCAP,27937.21
2022-01-03,BSE_SMALLCAP,25620.14
2022-02-03,BSE_SMALLCAP,25395.42
2022-03-03,BSE_SMALLCAP,25363.09
2022-04-03,BSE_SMALLCAP,25498.62
2022-07-03,BSE_SMALLCAP,25556.97
2022-08-03,BSE_SMALLCAP,25316.04
2022-09-03,BSE_SMALLCAP,25685.3
2022-10-03,BSE_SMALLCAP,25492.73
2022-11-03,BSE_SMALLCAP,25428.82
2022-01-04,BSE_SMALLCAP,25004.44
2022-04-04,BSE_SMALLCAP,24854.87
2022-05-04,BSE_SMALLCAP,24418.09
2022-06-04,BSE_SMALLCAP,24154.27
2022-07-04,BSE_SMALLCAP,24106.48
2022-08-04,BSE_SMALLCAP,24282.19
2022-11-04,BSE_SMALLCAP,24609.58
2022-12-04,BSE_SMALLCAP,24272.32
2022-02-05,BSE_SMALLCAP,23850.04
2022-03-05,BSE_SMALLCAP,23952.33
2022-04-05,BSE_SMALLCAP,24329.36
2022-05-05,BSE_SMALLCAP,24104.56
2022-06-05,BSE_SMALLCAP,24118.22
2022-09-05,BSE_SMALLCAP,24121.48
2022-10-05,BSE_SMALLCAP,24041.14
2022-11-05,BSE_SMALLCAP,24221.69
2022-12-05,BSE_SMALLCAP,23850.92
2022-01-06,BSE_SMALLCAP,24535.83
2022-02-06,BSE_SMALLCAP,24810.04
2022-03-06,BSE_SMALLCAP,25442.88
2022-06-06,BSE_SMALLCAP,25545.76
2022-07-06,BSE_SMALLCAP,25516.3
2022-08-06,BSE_SMALLCAP,25487.6
2022-09-06,BSE_SMALLCAP,25636.4
2022-10-06,BSE_SMALLCAP,25929.65
2022-01-07,BSE_SMALLCAP,26073.95
2022-04-07,BSE_SMALLCAP,26067.77
2022-05-07,BSE_SMALLCAP,25801.08
2022-06-07,BSE_SMALLCAP,25613.36
2022-07-07,BSE_SMALLCAP,25152.21
2022-08-07,BSE_SMALLCAP,25659.38
2022-11-07,BSE_SMALLCAP,25653.42
2022-12-07,BSE_SMALLCAP,25937.88
2022-01-08,BSE_SMALLCAP,28321.15
2022-02-08,BSE_SMALLCAP,27697.83
2022-03-08,BSE_SMALLCAP,27393.99
2022-04-08,BSE_SMALLCAP,27166.93
2022-05-08,BSE_SMALLCAP,26761.23
2022-08-08,BSE_SMALLCAP,26590.6
2022-09-08,BSE_SMALLCAP,27318.08
2022-10-08,BSE_SMALLCAP,27078.11
2022-11-08,BSE_SMALLCAP,26411.91
2022-12-08,BSE_SMALLCAP,26486.52
2022-01-09,BSE_SMALLCAP,27646.84
2022-02-09,BSE_SMALLCAP,27049.82
2022-05-09,BSE_SMALLCAP,26988.5
2022-06-09,BSE_SMALLCAP,26957.43
2022-07-09,BSE_SMALLCAP,27088.73
2022-08-09,BSE_SMALLCAP,27530.17
2022-09-09,BSE_SMALLCAP,27243.29
2022-12-09,BSE_SMALLCAP,26493.84
2022-03-10,BSE_SMALLCAP,25681.36
2022-04-10,BSE_SMALLCAP,25446.41
2022-05-10,BSE_SMALLCAP,25380.02
2022-06-10,BSE_SMALLCAP,25990.58
2022-07-10,BSE_SMALLCAP,25533.02
2022-10-10,BSE_SMALLCAP,25280.35
2022-11-10,BSE_SMALLCAP,25536.38
2022-12-10,BSE_SMALLCAP,25120.8
2022-01-11,BSE_SMALLCAP,26700.01
2022-02-11,BSE_SMALLCAP,26637.64
2022-03-11,BSE_SMALLCAP,27752.52
2022-04-11,BSE_SMALLCAP,27604.73
2022-07-11,BSE_SMALLCAP,27946.12
2022-08-11,BSE_SMALLCAP,28690.65
2022-09-11,BSE_SMALLCAP,27622.31
2022-10-11,BSE_SMALLCAP,27477.8
2022-11-11,BSE_SMALLCAP,28086.31
2022-01-12,BSE_SMALLCAP,26616.42
2022-02-12,BSE_SMALLCAP,26715.71
2022-05-12,BSE_SMALLCAP,27011.5
2022-06-12,BSE_SMALLCAP,27028.43
2022-07-12,BSE_SMALLCAP,26644.82
2022-08-12,BSE_SMALLCAP,27233.46
2022-09-12,BSE_SMALLCAP,27125.2
2022-12-12,BSE_SMALLCAP,26782.2
2023-02-01,BSE_SMALLCAP,26319.71
2023-03-01,BSE_SMALLCAP,26625.99
2023-04-01,BSE_SMALLCAP,26945.39
2023-05-01,BSE_SMALLCAP,26656.53
2023-06-01,BSE_SMALLCAP,26979.32
2023-09-01,BSE_SMALLCAP,27491.18
2023-10-01,BSE_SMALLCAP,27721.88
2023-11-01,BSE_SMALLCAP,28308.89
2023-12-01,BSE_SMALLCAP,28456.61
2023-01-02,BSE_SMALLCAP,27175.46
2023-02-02,BSE_SMALLCAP,26871.75
2023-03-02,BSE_SMALLCAP,26682.32
2023-06-02,BSE_SMALLCAP,27118.76
2023-07-02,BSE_SMALLCAP,26886.79
2023-08-02,BSE_SMALLCAP,27648.21
2023-09-02,BSE_SMALLCAP,27716.21
2023-10-02,BSE_SMALLCAP,27906.7
2023-01-03,BSE_SMALLCAP,26623.1
2023-02-03,BSE_SMALLCAP,26549.03
2023-03-03,BSE_SMALLCAP,26304.3
2023-06-03,BSE_SMALLCAP,26278.84
2023-07-03,BSE_SMALLCAP,26633.83
2023-08-03,BSE_SMALLCAP,26730.38
2023-09-03,BSE_SMALLCAP,26524.9
2023-10-03,BSE_SMALLCAP,26526.22
2023-03-04,BSE_SMALLCAP,29472.3
2023-04-04,BSE_SMALLCAP,28701.76
2023-05-04,BSE_SMALLCAP,28508.84
2023-06-04,BSE_SMALLCAP,28257.51
2023-07-04,BSE_SMALLCAP,29033.77
2023-10-04,BSE_SMALLCAP,28763.73
2023-11-04,BSE_SMALLCAP,28591.86
2023-12-04,BSE_SMALLCAP,28311.79
2023-01-05,BSE_SMALLCAP,28326.79
2023-02-05,BSE_SMALLCAP,28296.73
2023-03-05,BSE_SMALLCAP,28464.9
2023-04-05,BSE_SMALLCAP,28419.55
2023-05-05,BSE_SMALLCAP,28932.47
2023-08-05,BSE_SMALLCAP,28753.15
2023-09-05,BSE_SMALLCAP,29167.28
2023-10-05,BSE_SMALLCAP,29495.28
2023-11-05,BSE_SMALLCAP,28486.5
2023-12-05,BSE_SMALLCAP,27916.81
2023-01-06,BSE_SMALLCAP,26051.42
2023-02-06,BSE_SMALLCAP,26949.53
2023-05-06,BSE_SMALLCAP,27569.9
2023-06-06,BSE_SMALLCAP,27487.27
2023-07-06,BSE_SMALLCAP,27350.33
2023-08-06,BSE_SMALLCAP,27296.16
2023-09-06,BSE_SMALLCAP,27889.4
2023-12-06,BSE_SMALLCAP,28734.98
2023-03-07,BSE_SMALLCAP,30844.17
2023-04-07,BSE_SMALLCAP,30626.53
2023-05-07,BSE_SMALLCAP,30691.23
2023-06-07,BSE_SMALLCAP,30849.58
2023-07-07,BSE_SMALLCAP,30399.48
2023-10-07,BSE_SMALLCAP,29965.02
2023-11-07,BSE_SMALLCAP,29621.69
2023-12-07,BSE_SMALLCAP,29590.55
2023-01-08,BSE_SMALLCAP,30271.81
2023-02-08,BSE_SMALLCAP,30625.64
2023-03-08,BSE_SMALLCAP,31199.01
2023-04-08,BSE_SMALLCAP,31181.08
2023-07-08,BSE_SMALLCAP,31736.8
2023-08-08,BSE_SMALLCAP,31343.06
2023-09-08,BSE_SMALLCAP,31491.68
2023-10-08,BSE_SMALLCAP,31347.35
2023-11-08,BSE_SMALLCAP,31584.09
2023-01-09,BSE_SMALLCAP,30227.95
2023-04-09,BSE_SMALLCAP,29985.37
2023-05-09,BSE_SMALLCAP,29968.13
2023-06-09,BSE_SMALLCAP,29762.89
2023-07-09,BSE_SMALLCAP,29106.84
2023-08-09,BSE_SMALLCAP,28878.35
2023-11-09,BSE_SMALLCAP,29059.36
2023-12-09,BSE_SMALLCAP,28895.48
2023-02-10,BSE_SMALLCAP,29976.65
2023-03-10,BSE_SMALLCAP,30276.32
2023-04-10,BSE_SMALLCAP,29689.29
2023-05-10,BSE_SMALLCAP,29926.01
2023-06-10,BSE_SMALLCAP,29902.95
2023-09-10,BSE_SMALLCAP,29500.98
2023-10-10,BSE_SMALLCAP,30214.47
2023-11-10,BSE_SMALLCAP,29847.52
2023-12-10,BSE_SMALLCAP,29965.71
2023-01-11,BSE_SMALLCAP,29985.49
2023-02-11,BSE_SMALLCAP,29890.89
2023-03-11,BSE_SMALLCAP,30550.91
2023-06-11,BSE_SMALLCAP,29926.42
2023-07-11,BSE_SMALLCAP,30116.75
2023-08-11,BSE_SMALLCAP,30087.01
2023-09-11,BSE_SMALLCAP,30319.07
2023-10-11,BSE_SMALLCAP,30384.65
2023-01-12,BSE_SMALLCAP,29112.78
2023-04-12,BSE_SMALLCAP,28626.99
2023-05-12,BSE_SMALLCAP,28883.51
2023-06-12,BSE_SMALLCAP,29105.97
2023-07-12,BSE_SMALLCAP,29332.73
2023-08-12,BSE_SMALLCAP,28957.48
2023-11-12,BSE_SMALLCAP,29074.15
2023-12-12,BSE_SMALLCAP,29625.29
2024-01-01,BSE_SMALLCAP,27361.38
2024-02-01,BSE_SMALLCAP,27200.79
2024-03-01,BSE_SMALLCAP,27545.85
2024-04-01,BSE_SMALLCAP,27930.0
2024-05-01,BSE_SMALLCAP,28113.62
2024-08-01,BSE_SMALLCAP,28211.95
2024-09-01,BSE_SMALLCAP,28735.72
2024-10-01,BSE_SMALLCAP,28561.91
2024-11-01,BSE_SMALLCAP,28804.51
2024-12-01,BSE_SMALLCAP,29629.21
2024-01-02,BSE_SMALLCAP,30169.22
2024-02-02,BSE_SMALLCAP,30023.74
2024-05-02,BSE_SMALLCAP,29197.88
2024-06-02,BSE_SMALLCAP,29134.83
2024-07-02,BSE_SMALLCAP,28965.0
2024-08-02,BSE_SMALLCAP,29589.39
2024-09-02,BSE_SMALLCAP,29980.46
2024-12-02,BSE_SMALLCAP,30417.75
2024-01-03,BSE_SMALLCAP,30616.47
2024-04-03,BSE_SMALLCAP,30323.31
2024-05-03,BSE_SMALLCAP,30927.26
2024-06-03,BSE_SMALLCAP,30850.89
2024-07-03,BSE_SMALLCAP,31116.28
2024-08-03,BSE_SMALLCAP,31341.27
2024-11-03,BSE_SMALLCAP,31381.24
2024-12-03,BSE_SMALLCAP,32025.15
2024-01-04,BSE_SMALLCAP,31983.58
2024-02-04,BSE_SMALLCAP,32546.98
2024-03-04,BSE_SMALLCAP,32763.83
2024-04-04,BSE_SMALLCAP,32852.35
2024-05-04,BSE_SMALLCAP,32527.53
2024-08-04,BSE_SMALLCAP,33401.58
2024-09-04,BSE_SMALLCAP,33000.86
2024-10-04,BSE_SMALLCAP,32454.97
2024-11-04,BSE_SMALLCAP,32803.63
2024-12-04,BSE_SMALLCAP,32595.18
2024-01-05,BSE_SMALLCAP,33493.93
2024-02-05,BSE_SMALLCAP,32972.81
2024-03-05,BSE_SMALLCAP,33538.08
2024-06-05,BSE_SMALLCAP,32543.93
2024-07-05,BSE_SMALLCAP,31984.81
2024-08-05,BSE_SMALLCAP,32983.03
2024-09-05,BSE_SMALLCAP,32214.92
2024-10-05,BSE_SMALLCAP,32043.0
2024-03-06,BSE_SMALLCAP,31944.41
2024-04-06,BSE_SMALLCAP,31188.91
2024-05-06,BSE_SMALLCAP,32113.4
2024-06-06,BSE_SMALLCAP,32729.43
2024-07-06,BSE_SMALLCAP,32751.58
2024-10-06,BSE_SMALLCAP,32833.07
2024-11-06,BSE_SMALLCAP,32629.81
2024-12-06,BSE_SMALLCAP,33217.28
2024-01-07,BSE_SMALLCAP,31178.79
2024-02-07,BSE_SMALLCAP,31234.74
2024-03-07,BSE_SMALLCAP,30607.32
2024-04-07,BSE_SMALLCAP,30437.49
2024-05-07,BSE_SMALLCAP,30364.12
2024-08-07,BSE_SMALLCAP,30728.06
2024-09-07,BSE_SMALLCAP,31494.07
2024-10-07,BSE_SMALLCAP,31688.88
2024-11-07,BSE_SMALLCAP,31112.04
2024-12-07,BSE_SMALLCAP,30737.86
2024-01-08,BSE_SMALLCAP,29765.26
2024-02-08,BSE_SMALLCAP,29757.68
2024-05-08,BSE_SMALLCAP,29520.13
2024-06-08,BSE_SMALLCAP,29546.99
2024-07-08,BSE_SMALLCAP,29731.45
2024-08-08,BSE_SMALLCAP,30192.46
2024-09-08,BSE_SMALLCAP,30272.31
2024-12-08,BSE_SMALLCAP,30553.49
2024-02-09,BSE_SMALLCAP,29244.94
2024-03-09,BSE_SMALLCAP,30098.31
2024-04-09,BSE_SMALLCAP,30519.2
2024-05-09,BSE_SMALLCAP,30705.89
2024-06-09,BSE_SMALLCAP,30147.69
2024-09-09,BSE_SMALLCAP,30246.83
2024-10-09,BSE_SMALLCAP,30309.89
2024-11-09,BSE_SMALLCAP,31331.8
2024-12-09,BSE_SMALLCAP,30604.27
2024-01-10,BSE_SMALLCAP,32831.98
2024-02-10,BSE_SMALLCAP,33305.02
2024-03-10,BSE_SMALLCAP,33102.21
2024-04-10,BSE_SMALLCAP,33389.76
2024-07-10,BSE_SMALLCAP,32526.0
2024-08-10,BSE_SMALLCAP,32895.33
2024-09-10,BSE_SMALLCAP,32516.54
2024-10-10,BSE_SMALLCAP,32315.15
2024-11-10,BSE_SMALLCAP,31342.41
2024-01-11,BSE_SMALLCAP,34222.75
2024-04-11,BSE_SMALLCAP,33993.08
2024-05-11,BSE_SMALLCAP,34254.28
2024-06-11,BSE_SMALLCAP,34138.45
2024-07-11,BSE_SMALLCAP,34600.55
2024-08-11,BSE_SMALLCAP,35387.83
2024-11-11,BSE_SMALLCAP,34694.22
2024-12-11,BSE_SMALLCAP,34776.37
2024-02-12,BSE_SMALLCAP,36085.33
2024-03-12,BSE_SMALLCAP,36945.06
2024-04-12,BSE_SMALLCAP,36017.96
2024-05-12,BSE_SMALLCAP,35803.23
2024-06-12,BSE_SMALLCAP,35471.92
2024-09-12,BSE_SMALLCAP,36243.44
2024-10-12,BSE_SMALLCAP,36634.67
2024-11-12,BSE_SMALLCAP,37374.7
2024-12-12,BSE_SMALLCAP,37863.38
2025-01-01,BSE_SMALLCAP,40085.12
2025-02-01,BSE_SMALLCAP,39617.6
2025-03-01,BSE_SMALLCAP,40220.72
2025-06-01,BSE_SMALLCAP,39923.38
2025-07-01,BSE_SMALLCAP,39675.82
2025-08-01,BSE_SMALLCAP,39933.13
2025-09-01,BSE_SMALLCAP,39955.18
2025-10-01,BSE_SMALLCAP,40644.33
2025-03-02,BSE_SMALLCAP,40849.61
2025-04-02,BSE_SMALLCAP,41033.82
2025-05-02,BSE_SMALLCAP,39890.85
2025-06-02,BSE_SMALLCAP,40485.18
2025-07-02,BSE_SMALLCAP,40324.49
2025-10-02,BSE_SMALLCAP,40733.43
2025-11-02,BSE_SMALLCAP,40600.07
2025-12-02,BSE_SMALLCAP,41179.76
2025-03-03,BSE_SMALLCAP,42729.36
2025-04-03,BSE_SMALLCAP,43210.87
2025-05-03,BSE_SMALLCAP,43584.9
2025-06-03,BSE_SMALLCAP,44141.31
2025-07-03,BSE_SMALLCAP,45395.01
2025-10-03,BSE_SMALLCAP,45297.14
2025-11-03,BSE_SMALLCAP,45245.3
2025-12-03,BSE_SMALLCAP,45720.97
2025-01-04,BSE_SMALLCAP,47381.75
2025-02-04,BSE_SMALLCAP,47773.1
2025-03-04,BSE_SMALLCAP,47075.11
2025-04-04,BSE_SMALLCAP,46601.24
2025-07-04,BSE_SMALLCAP,46694.46
2025-08-04,BSE_SMALLCAP,46402.49
2025-09-04,BSE_SMALLCAP,46540.96
2025-10-04,BSE_SMALLCAP,46602.17
2025-11-04,BSE_SMALLCAP,45850.77
2025-01-05,BSE_SMALLCAP,49559.78
2025-02-05,BSE_SMALLCAP,50010.89
2025-05-05,BSE_SMALLCAP,50460.77
2025-06-05,BSE_SMALLCAP,50978.4
2025-07-05,BSE_SMALLCAP,51552.42
2025-08-05,BSE_SMALLCAP,52087.35
2025-09-05,BSE_SMALLCAP,51560.11
2025-12-05,BSE_SMALLCAP,51916.11
2025-02-06,BSE_SMALLCAP,55597.2
2025-03-06,BSE_SMALLCAP,57118.39
2025-04-06,BSE_SMALLCAP,56116.96
2025-05-06,BSE_SMALLCAP,54966.92
2025-06-06,BSE_SMALLCAP,54648.9
2025-09-06,BSE_SMALLCAP,55138.92
2025-10-06,BSE_SMALLCAP,54873.27
2025-11-06,BSE_SMALLCAP,54445.48
2025-12-06,BSE_SMALLCAP,53866.98
2025-01-07,BSE_SMALLCAP,60058.23
2025-02-07,BSE_SMALLCAP,60717.87
2025-03-07,BSE_SMALLCAP,60741.34
2025-04-07,BSE_SMALLCAP,60320.87
2025-07-07,BSE_SMALLCAP,60472.49
2025-08-07,BSE_SMALLCAP,61646.45
2025-09-07,BSE_SMALLCAP,62163.82
2025-10-07,BSE_SMALLCAP,60359.81
2025-11-07,BSE_SMALLCAP,61760.28
2025-01-08,BSE_SMALLCAP,61480.78
2025-04-08,BSE_SMALLCAP,62456.79
2025-05-08,BSE_SMALLCAP,63209.53
2025-06-08,BSE_SMALLCAP,63752.17
2025-07-08,BSE_SMALLCAP,63653.66
2025-08-08,BSE_SMALLCAP,64423.76
2025-11-08,BSE_SMALLCAP,63106.13
2025-12-08,BSE_SMALLCAP,63367.05
2025-01-09,BSE_SMALLCAP,64293.37
2025-02-09,BSE_SMALLCAP,64221.84
2025-03-09,BSE_SMALLCAP,64816.36
2025-04-09,BSE_SMALLCAP,64530.86
2025-05-09,BSE_SMALLCAP,64038.05
2025-08-09,BSE_SMALLCAP,63043.37
2025-09-09,BSE_SMALLCAP,61954.08
2025-10-09,BSE_SMALLCAP,62925.38
2025-11-09,BSE_SMALLCAP,64086.53
2025-12-09,BSE_SMALLCAP,62642.8
2025-01-10,BSE_SMALLCAP,60104.5
2025-02-10,BSE_SMALLCAP,60938.43
2025-03-10,BSE_SMALLCAP,58518.22
2025-06-10,BSE_SMALLCAP,58561.7
2025-07-10,BSE_SMALLCAP,56926.72
2025-08-10,BSE_SMALLCAP,57949.49
2025-09-10,BSE_SMALLCAP,59641.19
2025-10-10,BSE_SMALLCAP,59653.95
2025-03-11,BSE_SMALLCAP,70397.44
2025-04-11,BSE_SMALLCAP,70046.84
2025-05-11,BSE_SMALLCAP,72223.38
2025-06-11,BSE_SMALLCAP,73913.59
2025-07-11,BSE_SMALLCAP,74517.79
2025-10-11,BSE_SMALLCAP,73842.5
2025-11-11,BSE_SMALLCAP,72338.85
2025-12-11,BSE_SMALLCAP,71361.43
2025-01-12,BSE_SMALLCAP,75473.32
2025-02-12,BSE_SMALLCAP,76100.64
2025-03-12,BSE_SMALLCAP,75323.76
2025-04-12,BSE_SMALLCAP,75027.45
2025-05-12,BSE_SMALLCAP,75717.9
2025-08-12,BSE_SMALLCAP,75833.69
2025-09-12,BSE_SMALLCAP,74412.42
2025-10-12,BSE_SMALLCAP,74896.54
2025-11-12,BSE_SMALLCAP,74619.95
2025-12-12,BSE_SMALLCAP,73853.06
2026-01-01,BSE_SMALLCAP,71124.08
2026-02-01,BSE_SMALLCAP,71577.2
2026-05-01,BSE_SMALLCAP,70430.49
2026-06-01,BSE_SMALLCAP,70217.76
2026-07-01,BSE_SMALLCAP,70418.66
2026-08-01,BSE_SMALLCAP,70196.48
2026-09-01,BSE_SMALLCAP,70800.69
2026-12-01,BSE_SMALLCAP,71372.41
2026-02-02,BSE_SMALLCAP,69726.09
2026-03-02,BSE_SMALLCAP,71050.88
2026-04-02,BSE_SMALLCAP,70628.63
2026-05-02,BSE_SMALLCAP,69762.84
2026-06-02,BSE_SMALLCAP,68911.97
2026-09-02,BSE_SMALLCAP,69380.27
2026-10-02,BSE_SMALLCAP,70472.14
2026-11-02,BSE_SMALLCAP,71524.24
2026-12-02,BSE_SMALLCAP,70908.98
2026-02-03,BSE_SMALLCAP,69424.7
2026-03-03,BSE_SMALLCAP,70633.48
2026-04-03,BSE_SMALLCAP,72287.04
2026-05-03,BSE_SMALLCAP,72754.29
2026-06-03,BSE_SMALLCAP,74099.67
2026-09-03,BSE_SMALLCAP,73120.68
2026-10-03,BSE_SMALLCAP,72833.76
2026-11-03,BSE_SMALLCAP,71924.06
2026-12-03,BSE_SMALLCAP,71489.87
2026-01-04,BSE_SMALLCAP,71348.05
2026-02-04,BSE_SMALLCAP,71330.28
2026-03-04,BSE_SMALLCAP,69899.51
2026-06-04,BSE_SMALLCAP,68477.32
2026-07-04,BSE_SMALLCAP,69640.27
2026-08-04,BSE_SMALLCAP,71615.98
2026-09-04,BSE_SMALLCAP,71382.29
2026-10-04,BSE_SMALLCAP,69644.93
2026-01-05,BSE_SMALLCAP,72566.07
2026-04-05,BSE_SMALLCAP,73494.88
2026-05-05,BSE_SMALLCAP,73134.17
2026-06-05,BSE_SMALLCAP,73602.81
2026-07-05,BSE_SMALLCAP,73261.24
2026-08-05,BSE_SMALLCAP,71659.04
2026-11-05,BSE_SMALLCAP,71476.92
2026-12-05,BSE_SMALLCAP,72652.8
2022-03-01,NIFTY500,14837.07
2022-04-01,NIFTY500,14743.12
2022-05-01,NIFTY500,14960.53
2022-06-01,NIFTY500,14950.28
2022-07-01,NIFTY500,15044.47
2022-10-01,NIFTY500,14927.83
2022-11-01,NIFTY500,14883.56
2022-12-01,NIFTY500,14864.72
2022-01-02,NIFTY500,14936.51
2022-02-02,NIFTY500,14997.17
2022-03-02,NIFTY500,14852.83
2022-04-02,NIFTY500,14741.64
2022-07-02,NIFTY500,14762.94
2022-08-02,NIFTY500,15000.94
2022-09-02,NIFTY500,14960.09
2022-10-02,NIFTY500,15027.84
2022-11-02,NIFTY500,14957.42
2022-01-03,NIFTY500,14639.75
2022-02-03,NIFTY500,14862.71
2022-03-03,NIFTY500,14728.91
2022-04-03,NIFTY500,14731.39
2022-07-03,NIFTY500,14614.22
2022-08-03,NIFTY500,14487.72
2022-09-03,NIFTY500,14507.13
2022-10-03,NIFTY500,14622.56
2022-11-03,NIFTY500,14954.42
2022-01-04,NIFTY500,14685.66
2022-04-04,NIFTY500,14698.42
2022-05-04,NIFTY500,14720.48
2022-06-04,NIFTY500,14741.43
2022-07-04,NIFTY500,14740.96
2022-08-04,NIFTY500,14897.02
2022-11-04,NIFTY500,15155.8
2022-12-04,NIFTY500,14939.38
2022-02-05,NIFTY500,15913.28
2022-03-05,NIFTY500,15968.93
2022-04-05,NIFTY500,15974.96
2022-05-05,NIFTY500,16035.72
2022-06-05,NIFTY500,16091.93
2022-09-05,NIFTY500,16289.39
2022-10-05,NIFTY500,16272.32
2022-11-05,NIFTY500,16131.16
2022-12-05,NIFTY500,16135.18
2022-01-06,NIFTY500,15353.4
2022-02-06,NIFTY500,15357.4
2022-03-06,NIFTY500,15406.57
2022-06-06,NIFTY500,15478.93
2022-07-06,NIFTY500,15617.4
2022-08-06,NIFTY500,15396.18
2022-09-06,NIFTY500,15536.5
2022-10-06,NIFTY500,15657.16
2022-01-07,NIFTY500,16874.78
2022-04-07,NIFTY500,16942.46
2022-05-07,NIFTY500,16752.29
2022-06-07,NIFTY500,16929.59
2022-07-07,NIFTY500,16732.28
2022-08-07,NIFTY500,16815.54
2022-11-07,NIFTY500,16456.51
2022-12-07,NIFTY500,16433.52
2022-01-08,NIFTY500,16194.52
2022-02-08,NIFTY500,16356.03
2022-03-08,NIFTY500,16471.43
2022-04-08,NIFTY500,16178.71
2022-05-08,NIFTY500,16127.51
2022-08-08,NIFTY500,16166.03
2022-09-08,NIFTY500,16391.31
2022-10-08,NIFTY500,16227.32
2022-11-08,NIFTY500,15990.67
2022-12-08,NIFTY500,16030.48
2022-01-09,NIFTY500,16380.47
2022-02-09,NIFTY500,16315.16
2022-05-09,NIFTY500,16362.9
2022-06-09,NIFTY500,16373.92
2022-07-09,NIFTY500,16379.76
2022-08-09,NIFTY500,16628.53
2022-09-09,NIFTY500,16656.74
2022-12-09,NIFTY500,16499.78
2022-03-10,NIFTY500,16130.41
2022-04-10,NIFTY500,16205.81
2022-05-10,NIFTY500,16308.57
2022-06-10,NIFTY500,16409.58
2022-07-10,NIFTY500,16379.36
2022-10-10,NIFTY500,16320.89
2022-11-10,NIFTY500,16232.88
2022-12-10,NIFTY500,16240.27
2022-01-11,NIFTY500,16858.39
2022-02-11,NIFTY500,16490.64
2022-03-11,NIFTY500,16555.25
2022-04-11,NIFTY500,16209.9
2022-07-11,NIFTY500,16149.92
2022-08-11,NIFTY500,16286.04
2022-09-11,NIFTY500,16538.23
2022-10-11,NIFTY500,16396.46
2022-11-11,NIFTY500,16462.71
2022-01-12,NIFTY500,16619.52
2022-02-12,NIFTY500,16561.02
2022-05-12,NIFTY500,16424.31
2022-06-12,NIFTY500,16850.65
2022-07-12,NIFTY500,16753.23
2022-08-12,NIFTY500,16714.32
2022-09-12,NIFTY500,16621.81
2022-12-12,NIFTY500,16369.57
2023-02-01,NIFTY500,16788.23
2023-03-01,NIFTY500,16646.31
2023-04-01,NIFTY500,16799.84
2023-05-01,NIFTY500,16602.76
2023-06-01,NIFTY500,16552.93
2023-09-01,NIFTY500,16584.85
2023-10-01,NIFTY500,16571.78
2023-11-01,NIFTY500,16641.34
2023-12-01,NIFTY500,16823.31
2023-01-02,NIFTY500,16901.49
2023-02-02,NIFTY500,16890.57
2023-03-02,NIFTY500,16903.17
2023-06-02,NIFTY500,16867.74
2023-07-02,NIFTY500,16896.23
2023-08-02,NIFTY500,17090.27
2023-09-02,NIFTY500,17022.48
2023-10-02,NIFTY500,16940.47
2023-01-03,NIFTY500,17673.39
2023-02-03,NIFTY500,17729.7
2023-03-03,NIFTY500,17830.18
2023-06-03,NIFTY500,18078.96
2023-07-03,NIFTY500,18120.89
2023-08-03,NIFTY500,17810.73
2023-09-03,NIFTY500,17848.58
2023-10-03,NIFTY500,17902.15
2023-03-04,NIFTY500,17944.73
2023-04-04,NIFTY500,17784.89
2023-05-04,NIFTY500,17803.41
2023-06-04,NIFTY500,17878.09
2023-07-04,NIFTY500,18166.72
2023-10-04,NIFTY500,18338.07
2023-11-04,NIFTY500,18393.09
2023-12-04,NIFTY500,18392.84
2023-01-05,NIFTY500,17794.45
2023-02-05,NIFTY500,17939.17
2023-03-05,NIFTY500,17732.14
2023-04-05,NIFTY500,17680.27
2023-05-05,NIFTY500,17768.06
2023-08-05,NIFTY500,17921.4
2023-09-05,NIFTY500,18032.47
2023-10-05,NIFTY500,18119.14
2023-11-05,NIFTY500,18544.46
2023-12-05,NIFTY500,18382.47
2023-01-06,NIFTY500,18657.82
2023-02-06,NIFTY500,18995.28
2023-05-06,NIFTY500,19184.76
2023-06-06,NIFTY500,18995.14
2023-07-06,NIFTY500,18971.5
2023-08-06,NIFTY500,19150.9
2023-09-06,NIFTY500,19130.51
2023-12-06,NIFTY500,18797.92
2023-03-07,NIFTY500,18366.38
2023-04-07,NIFTY500,18779.31
2023-05-07,NIFTY500,18475.99
2023-06-07,NIFTY500,18516.81
2023-07-07,NIFTY500,18714.29
2023-10-07,NIFTY500,18775.65
2023-11-07,NIFTY500,18517.78
2023-12-07,NIFTY500,18845.17
2023-01-08,NIFTY500,19441.28
2023-02-08,NIFTY500,19400.44
2023-03-08,NIFTY500,19214.1
2023-04-08,NIFTY500,19310.62
2023-07-08,NIFTY500,19277.01
2023-08-08,NIFTY500,19237.46
2023-09-08,NIFTY500,19111.96
2023-10-08,NIFTY500,19192.32
2023-11-08,NIFTY500,19453.1
2023-01-09,NIFTY500,20074.82
2023-04-09,NIFTY500,20266.46
2023-05-09,NIFTY500,20314.72
2023-06-09,NIFTY500,20101.03
2023-07-09,NIFTY500,19985.2
2023-08-09,NIFTY500,20343.87
2023-11-09,NIFTY500,20310.34
2023-12-09,NIFTY500,20125.34
2023-02-10,NIFTY500,20600.47
2023-03-10,NIFTY500,20624.5
2023-04-10,NIFTY500,20660.8
2023-05-10,NIFTY500,20944.78
2023-06-10,NIFTY500,20973.16
2023-09-10,NIFTY500,21301.83
2023-10-10,NIFTY500,21282.62
2023-11-10,NIFTY500,21187.4
2023-12-10,NIFTY500,21478.63
2023-01-11,NIFTY500,21911.46
2023-02-11,NIFTY500,21722.83
2023-03-11,NIFTY500,22082.36
2023-06-11,NIFTY500,21877.96
2023-07-11,NIFTY500,21852.33
2023-08-11,NIFTY500,21763.07
2023-09-11,NIFTY500,21572.17
2023-10-11,NIFTY500,21729.89
2023-01-12,NIFTY500,22882.82
2023-04-12,NIFTY500,22511.19
2023-05-12,NIFTY500,22208.0
2023-06-12,NIFTY500,21969.29
2023-07-12,NIFTY500,21982.67
2023-08-12,NIFTY500,21893.71
2023-11-12,NIFTY500,21832.19
2023-12-12,NIFTY500,21786.47
2024-01-01,NIFTY500,22248.26
2024-02-01,NIFTY500,22472.32
2024-03-01,NIFTY500,22974.3
2024-04-01,NIFTY500,22804.87
2024-05-01,NIFTY500,23065.54
2024-08-01,NIFTY500,23049.65
2024-09-01,NIFTY500,22916.8
2024-10-01,NIFTY500,23372.32
2024-11-01,NIFTY500,23750.47
2024-12-01,NIFTY500,23703.9
2024-01-02,NIFTY500,23501.33
2024-02-02,NIFTY500,23405.26
2024-05-02,NIFTY500,23830.38
2024-06-02,NIFTY500,23703.89
2024-07-02,NIFTY500,23878.12
2024-08-02,NIFTY500,24067.09
2024-09-02,NIFTY500,23939.14
2024-12-02,NIFTY500,23578.8
2024-01-03,NIFTY500,23525.56
2024-04-03,NIFTY500,23342.71
2024-05-03,NIFTY500,23475.51
2024-06-03,NIFTY500,23716.62
2024-07-03,NIFTY500,23832.62
2024-08-03,NIFTY500,23593.02
2024-11-03,NIFTY500,23628.96
2024-12-03,NIFTY500,23828.17
2024-01-04,NIFTY500,24710.96
2024-02-04,NIFTY500,24388.09
2024-03-04,NIFTY500,23968.38
2024-04-04,NIFTY500,23481.21
2024-05-04,NIFTY500,23458.27
2024-08-04,NIFTY500,23264.7
2024-09-04,NIFTY500,23177.23
2024-10-04,NIFTY500,23485.02
2024-11-04,NIFTY500,23604.47
2024-12-04,NIFTY500,23613.77
2024-01-05,NIFTY500,24255.33
2024-02-05,NIFTY500,24165.31
2024-03-05,NIFTY500,24032.75
2024-06-05,NIFTY500,23726.66
2024-07-05,NIFTY500,23859.98
2024-08-05,NIFTY500,24020.62
2024-09-05,NIFTY500,23501.77
2024-10-05,NIFTY500,23510.84
2024-03-06,NIFTY500,23438.49
2024-04-06,NIFTY500,23645.04
2024-05-06,NIFTY500,23645.91
2024-06-06,NIFTY500,23602.06
2024-07-06,NIFTY500,23639.83
2024-10-06,NIFTY500,23419.81
2024-11-06,NIFTY500,23325.61
2024-12-06,NIFTY500,23463.75
2024-01-07,NIFTY500,23745.46
2024-02-07,NIFTY500,24142.21
2024-03-07,NIFTY500,24155.47
2024-04-07,NIFTY500,24256.59
2024-05-07,NIFTY500,24314.28
2024-08-07,NIFTY500,23977.75
2024-09-07,NIFTY500,24324.87
2024-10-07,NIFTY500,24168.88
2024-11-07,NIFTY500,24011.37
2024-12-07,NIFTY500,24122.79
2024-01-08,NIFTY500,24281.92
2024-02-08,NIFTY500,23874.95
2024-05-08,NIFTY500,23941.69
2024-06-08,NIFTY500,24032.79
2024-07-08,NIFTY500,23977.43
2024-08-08,NIFTY500,24109.54
2024-09-08,NIFTY500,23975.05
2024-12-08,NIFTY500,24060.03
2024-02-09,NIFTY500,25221.47
2024-03-09,NIFTY500,25118.02
2024-04-09,NIFTY500,25067.76
2024-05-09,NIFTY500,24923.71
2024-06-09,NIFTY500,24899.11
2024-09-09,NIFTY500,24682.56
2024-10-09,NIFTY500,24571.86
2024-11-09,NIFTY500,24601.59
2024-12-09,NIFTY500,24958.0
2024-01-10,NIFTY500,26836.51
2024-02-10,NIFTY500,26958.29
2024-03-10,NIFTY500,26946.23
2024-04-10,NIFTY500,26691.79
2024-07-10,NIFTY500,26640.36
2024-08-10,NIFTY500,26598.69
2024-09-10,NIFTY500,26617.47
2024-10-10,NIFTY500,26204.2
2024-11-10,NIFTY500,26134.54
2024-01-11,NIFTY500,26120.99
2024-04-11,NIFTY500,26354.8
2024-05-11,NIFTY500,26399.43
2024-06-11,NIFTY500,26432.22
2024-07-11,NIFTY500,26570.64
2024-08-11,NIFTY500,26568.5
2024-11-11,NIFTY500,26364.64
2024-12-11,NIFTY500,26326.02
2024-02-12,NIFTY500,26024.02
2024-03-12,NIFTY500,25725.11
2024-04-12,NIFTY500,25751.46
2024-05-12,NIFTY500,25615.27
2024-06-12,NIFTY500,25739.62
2024-09-12,NIFTY500,26118.64
2024-10-12,NIFTY500,26073.19
2024-11-12,NIFTY500,25947.15
2024-12-12,NIFTY500,26368.59
2025-01-01,NIFTY500,26058.06
2025-02-01,NIFTY500,25956.52
2025-03-01,NIFTY500,25806.28
2025-06-01,NIFTY500,25822.49
2025-07-01,NIFTY500,25940.51
2025-08-01,NIFTY500,25927.71
2025-09-01,NIFTY500,25833.22
2025-10-01,NIFTY500,25878.91
2025-03-02,NIFTY500,26804.56
2025-04-02,NIFTY500,27122.99
2025-05-02,NIFTY500,27097.65
2025-06-02,NIFTY500,27372.52
2025-07-02,NIFTY500,27300.66
2025-10-02,NIFTY500,27038.39
2025-11-02,NIFTY500,26793.34
2025-12-02,NIFTY500,26427.25
2025-03-03,NIFTY500,26335.65
2025-04-03,NIFTY500,26397.53
2025-05-03,NIFTY500,26368.82
2025-06-03,NIFTY500,26680.53
2025-07-03,NIFTY500,26786.23
2025-10-03,NIFTY500,26692.08
2025-11-03,NIFTY500,27104.84
2025-12-03,NIFTY500,27016.48
2025-01-04,NIFTY500,27476.34
2025-02-04,NIFTY500,27678.13
2025-03-04,NIFTY500,27205.67
2025-04-04,NIFTY500,27052.7
2025-07-04,NIFTY500,27015.71
2025-08-04,NIFTY500,27140.28
2025-09-04,NIFTY500,27369.71
2025-10-04,NIFTY500,27133.46
2025-11-04,NIFTY500,27286.56
2025-01-05,NIFTY500,27009.92
2025-02-05,NIFTY500,26812.7
2025-05-05,NIFTY500,27322.68
2025-06-05,NIFTY500,27287.59
2025-07-05,NIFTY500,27567.51
2025-08-05,NIFTY500,27299.92
2025-09-05,NIFTY500,26776.39
2025-12-05,NIFTY500,26851.04
2025-02-06,NIFTY500,27541.89
2025-03-06,NIFTY500,27150.64
2025-04-06,NIFTY500,27237.26
2025-05-06,NIFTY500,27235.8
2025-06-06,NIFTY500,27277.58
2025-09-06,NIFTY500,27315.52
2025-10-06,NIFTY500,27561.0
2025-11-06,NIFTY500,27704.88
2025-12-06,NIFTY500,27833.91
2025-01-07,NIFTY500,29719.76
2025-02-07,NIFTY500,30203.76
2025-03-07,NIFTY500,29934.06
2025-04-07,NIFTY500,29937.0
2025-07-07,NIFTY500,29889.19
2025-08-07,NIFTY500,30109.66
2025-09-07,NIFTY500,29766.78
2025-10-07,NIFTY500,29882.58
2025-11-07,NIFTY500,30142.84
2025-01-08,NIFTY500,29045.22
2025-04-08,NIFTY500,28595.25
2025-05-08,NIFTY500,28781.28
2025-06-08,NIFTY500,28795.69
2025-07-08,NIFTY500,29076.24
2025-08-08,NIFTY500,29295.23
2025-11-08,NIFTY500,29221.28
2025-12-08,NIFTY500,29095.57
2025-01-09,NIFTY500,28515.93
2025-02-09,NIFTY500,28472.92
2025-03-09,NIFTY500,28007.99
2025-04-09,NIFTY500,28083.53
2025-05-09,NIFTY500,27895.02
2025-08-09,NIFTY500,27969.82
2025-09-09,NIFTY500,27918.76
2025-10-09,NIFTY500,27726.67
2025-11-09,NIFTY500,27497.61
2025-12-09,NIFTY500,27500.06
2025-01-10,NIFTY500,28543.42
2025-02-10,NIFTY500,28546.17
2025-03-10,NIFTY500,28868.18
2025-06-10,NIFTY500,28619.76
2025-07-10,NIFTY500,28902.69
2025-08-10,NIFTY500,29296.19
2025-09-10,NIFTY500,29125.95
2025-10-10,NIFTY500,29331.25
2025-03-11,NIFTY500,31163.15
2025-04-11,NIFTY500,31022.5
2025-05-11,NIFTY500,30944.33
2025-06-11,NIFTY500,30711.38
2025-07-11,NIFTY500,30723.73
2025-10-11,NIFTY500,30303.1
2025-11-11,NIFTY500,30668.24
2025-12-11,NIFTY500,30900.17
2025-01-12,NIFTY500,30239.55
2025-02-12,NIFTY500,30465.1
2025-03-12,NIFTY500,30892.98
2025-04-12,NIFTY500,31190.19
2025-05-12,NIFTY500,31085.07
2025-08-12,NIFTY500,31501.78
2025-09-12,NIFTY500,31496.69
2025-10-12,NIFTY500,31657.41
2025-11-12,NIFTY500,31791.03
2025-12-12,NIFTY500,31933.17
2026-01-01,NIFTY500,33571.28
2026-02-01,NIFTY500,33653.42
2026-05-01,NIFTY500,33568.07
2026-06-01,NIFTY500,33560.81
2026-07-01,NIFTY500,33621.87
2026-08-01,NIFTY500,33524.45
2026-09-01,NIFTY500,33637.11
2026-12-01,NIFTY500,33504.72
2026-02-02,NIFTY500,35084.87
2026-03-02,NIFTY500,35028.32
2026-04-02,NIFTY500,34952.53
2026-05-02,NIFTY500,34789.12
2026-06-02,NIFTY500,34771.71
2026-09-02,NIFTY500,34601.37
2026-10-02,NIFTY500,34760.46
2026-11-02,NIFTY500,34924.42
2026-12-02,NIFTY500,35017.03
2026-02-03,NIFTY500,35876.16
2026-03-03,NIFTY500,36104.36
2026-04-03,NIFTY500,36049.18
2026-05-03,NIFTY500,35792.23
2026-06-03,NIFTY500,36196.72
2026-09-03,NIFTY500,36314.15
2026-10-03,NIFTY500,36287.63
2026-11-03,NIFTY500,37045.24
2026-12-03,NIFTY500,36739.01
2026-01-04,NIFTY500,36778.65
2026-02-04,NIFTY500,36364.63
2026-03-04,NIFTY500,36061.37
2026-06-04,NIFTY500,35746.47
2026-07-04,NIFTY500,35535.93
2026-08-04,NIFTY500,35635.3
2026-09-04,NIFTY500,35971.46
2026-10-04,NIFTY500,35291.81
2026-01-05,NIFTY500,36434.05
2026-04-05,NIFTY500,36171.78
2026-05-05,NIFTY500,36486.19
2026-06-05,NIFTY500,36266.94
2026-07-05,NIFTY500,36245.67
2026-08-05,NIFTY500,36030.83
2026-11-05,NIFTY500,36295.09
2026-12-05,NIFTY500,36128.67
2022-03-01,CRISIL_LIQUID,2281.51
2022-04-01,CRISIL_LIQUID,2281.61
2022-05-01,CRISIL_LIQUID,2282.31
2022-06-01,CRISIL_LIQUID,2282.91
2022-07-01,CRISIL_LIQUID,2284.78
2022-10-01,CRISIL_LIQUID,2284.84
2022-11-01,CRISIL_LIQUID,2285.86
2022-12-01,CRISIL_LIQUID,2285.47
2022-01-02,CRISIL_LIQUID,2289.52
2022-02-02,CRISIL_LIQUID,2290.22
2022-03-02,CRISIL_LIQUID,2291.23
2022-04-02,CRISIL_LIQUID,2292.34
2022-07-02,CRISIL_LIQUID,2291.39
2022-08-02,CRISIL_LIQUID,2292.51
2022-09-02,CRISIL_LIQUID,2293.26
2022-10-02,CRISIL_LIQUID,2294.36
2022-11-02,CRISIL_LIQUID,2295.59
2022-01-03,CRISIL_LIQUID,2300.89
2022-02-03,CRISIL_LIQUID,2300.49
2022-03-03,CRISIL_LIQUID,2301.86
2022-04-03,CRISIL_LIQUID,2303.04
2022-07-03,CRISIL_LIQUID,2304.53
2022-08-03,CRISIL_LIQUID,2305.52
2022-09-03,CRISIL_LIQUID,2307.08
2022-10-03,CRISIL_LIQUID,2306.0
2022-11-03,CRISIL_LIQUID,2306.51
2022-01-04,CRISIL_LIQUID,2318.65
2022-04-04,CRISIL_LIQUID,2318.4
2022-05-04,CRISIL_LIQUID,2318.77
2022-06-04,CRISIL_LIQUID,2319.84
2022-07-04,CRISIL_LIQUID,2321.84
2022-08-04,CRISIL_LIQUID,2322.46
2022-11-04,CRISIL_LIQUID,2323.2
2022-12-04,CRISIL_LIQUID,2324.18
2022-02-05,CRISIL_LIQUID,2330.52
2022-03-05,CRISIL_LIQUID,2329.47
2022-04-05,CRISIL_LIQUID,2331.03
2022-05-05,CRISIL_LIQUID,2331.78
2022-06-05,CRISIL_LIQUID,2332.92
2022-09-05,CRISIL_LIQUID,2334.07
2022-10-05,CRISIL_LIQUID,2335.34
2022-11-05,CRISIL_LIQUID,2336.54
2022-12-05,CRISIL_LIQUID,2337.74
2022-01-06,CRISIL_LIQUID,2351.39
2022-02-06,CRISIL_LIQUID,2352.77
2022-03-06,CRISIL_LIQUID,2353.29
2022-06-06,CRISIL_LIQUID,2354.96
2022-07-06,CRISIL_LIQUID,2354.28
2022-08-06,CRISIL_LIQUID,2354.14
2022-09-06,CRISIL_LIQUID,2354.79
2022-10-06,CRISIL_LIQUID,2355.48
2022-01-07,CRISIL_LIQUID,2360.59
2022-04-07,CRISIL_LIQUID,2362.13
2022-05-07,CRISIL_LIQUID,2363.02
2022-06-07,CRISIL_LIQUID,2365.04
2022-07-07,CRISIL_LIQUID,2364.93
2022-08-07,CRISIL_LIQUID,2365.34
2022-11-07,CRISIL_LIQUID,2366.66
2022-12-07,CRISIL_LIQUID,2366.92
2022-01-08,CRISIL_LIQUID,2375.74
2022-02-08,CRISIL_LIQUID,2376.49
2022-03-08,CRISIL_LIQUID,2377.12
2022-04-08,CRISIL_LIQUID,2376.7
2022-05-08,CRISIL_LIQUID,2378.54
2022-08-08,CRISIL_LIQUID,2378.68
2022-09-08,CRISIL_LIQUID,2380.12
2022-10-08,CRISIL_LIQUID,2380.23
2022-11-08,CRISIL_LIQUID,2380.88
2022-12-08,CRISIL_LIQUID,2381.73
2022-01-09,CRISIL_LIQUID,2387.62
2022-02-09,CRISIL_LIQUID,2387.22
2022-05-09,CRISIL_LIQUID,2388.56
2022-06-09,CRISIL_LIQUID,2390.79
2022-07-09,CRISIL_LIQUID,2391.1
2022-08-09,CRISIL_LIQUID,2390.36
2022-09-09,CRISIL_LIQUID,2392.14
2022-12-09,CRISIL_LIQUID,2392.09
2022-03-10,CRISIL_LIQUID,2401.33
2022-04-10,CRISIL_LIQUID,2401.12
2022-05-10,CRISIL_LIQUID,2400.09
2022-06-10,CRISIL_LIQUID,2400.35
2022-07-10,CRISIL_LIQUID,2400.56
2022-10-10,CRISIL_LIQUID,2401.43
2022-11-10,CRISIL_LIQUID,2402.93
2022-12-10,CRISIL_LIQUID,2403.63
2022-01-11,CRISIL_LIQUID,2410.99
2022-02-11,CRISIL_LIQUID,2410.4
2022-03-11,CRISIL_LIQUID,2410.48
2022-04-11,CRISIL_LIQUID,2411.24
2022-07-11,CRISIL_LIQUID,2411.12
2022-08-11,CRISIL_LIQUID,2413.36
2022-09-11,CRISIL_LIQUID,2413.61
2022-10-11,CRISIL_LIQUID,2414.1
2022-11-11,CRISIL_LIQUID,2414.29
2022-01-12,CRISIL_LIQUID,2418.95
2022-02-12,CRISIL_LIQUID,2420.03
2022-05-12,CRISIL_LIQUID,2420.92
2022-06-12,CRISIL_LIQUID,2421.45
2022-07-12,CRISIL_LIQUID,2422.83
2022-08-12,CRISIL_LIQUID,2423.94
2022-09-12,CRISIL_LIQUID,2423.45
2022-12-12,CRISIL_LIQUID,2424.48
2023-02-01,CRISIL_LIQUID,2430.9
2023-03-01,CRISIL_LIQUID,2431.84
2023-04-01,CRISIL_LIQUID,2431.71
2023-05-01,CRISIL_LIQUID,2432.4
2023-06-01,CRISIL_LIQUID,2433.02
2023-09-01,CRISIL_LIQUID,2434.06
2023-10-01,CRISIL_LIQUID,2433.87
2023-11-01,CRISIL_LIQUID,2435.21
2023-12-01,CRISIL_LIQUID,2433.62
2023-01-02,CRISIL_LIQUID,2445.48
2023-02-02,CRISIL_LIQUID,2444.78
2023-03-02,CRISIL_LIQUID,2444.74
2023-06-02,CRISIL_LIQUID,2443.8
2023-07-02,CRISIL_LIQUID,2444.9
2023-08-02,CRISIL_LIQUID,2444.8
2023-09-02,CRISIL_LIQUID,2445.31
2023-10-02,CRISIL_LIQUID,2445.72
2023-01-03,CRISIL_LIQUID,2454.04
2023-02-03,CRISIL_LIQUID,2454.5
2023-03-03,CRISIL_LIQUID,2454.39
2023-06-03,CRISIL_LIQUID,2454.68
2023-07-03,CRISIL_LIQUID,2455.16
2023-08-03,CRISIL_LIQUID,2454.69
2023-09-03,CRISIL_LIQUID,2455.16
2023-10-03,CRISIL_LIQUID,2455.94
2023-03-04,CRISIL_LIQUID,2466.59
2023-04-04,CRISIL_LIQUID,2467.87
2023-05-04,CRISIL_LIQUID,2469.98
2023-06-04,CRISIL_LIQUID,2471.0
2023-07-04,CRISIL_LIQUID,2473.01
2023-10-04,CRISIL_LIQUID,2472.86
2023-11-04,CRISIL_LIQUID,2471.99
2023-12-04,CRISIL_LIQUID,2473.05
2023-01-05,CRISIL_LIQUID,2482.43
2023-02-05,CRISIL_LIQUID,2483.32
2023-03-05,CRISIL_LIQUID,2483.49
2023-04-05,CRISIL_LIQUID,2483.98
2023-05-05,CRISIL_LIQUID,2484.21
2023-08-05,CRISIL_LIQUID,2486.07
2023-09-05,CRISIL_LIQUID,2486.79
2023-10-05,CRISIL_LIQUID,2486.19
2023-11-05,CRISIL_LIQUID,2487.81
2023-12-05,CRISIL_LIQUID,2487.03
2023-01-06,CRISIL_LIQUID,2495.07
2023-02-06,CRISIL_LIQUID,2495.66
2023-05-06,CRISIL_LIQUID,2496.74
2023-06-06,CRISIL_LIQUID,2497.5
2023-07-06,CRISIL_LIQUID,2498.28
2023-08-06,CRISIL_LIQUID,2499.58
2023-09-06,CRISIL_LIQUID,2501.74
2023-12-06,CRISIL_LIQUID,2502.62
2023-03-07,CRISIL_LIQUID,2513.19
2023-04-07,CRISIL_LIQUID,2512.97
2023-05-07,CRISIL_LIQUID,2513.36
2023-06-07,CRISIL_LIQUID,2514.43
2023-07-07,CRISIL_LIQUID,2514.93
2023-10-07,CRISIL_LIQUID,2515.44
2023-11-07,CRISIL_LIQUID,2516.98
2023-12-07,CRISIL_LIQUID,2517.01
2023-01-08,CRISIL_LIQUID,2530.31
2023-02-08,CRISIL_LIQUID,2531.21
2023-03-08,CRISIL_LIQUID,2531.37
2023-04-08,CRISIL_LIQUID,2531.41
2023-07-08,CRISIL_LIQUID,2531.32
2023-08-08,CRISIL_LIQUID,2532.79
2023-09-08,CRISIL_LIQUID,2534.59
2023-10-08,CRISIL_LIQUID,2536.77
2023-11-08,CRISIL_LIQUID,2538.17
2023-01-09,CRISIL_LIQUID,2541.66
2023-04-09,CRISIL_LIQUID,2542.32
2023-05-09,CRISIL_LIQUID,2542.89
2023-06-09,CRISIL_LIQUID,2543.86
2023-07-09,CRISIL_LIQUID,2545.44
2023-08-09,CRISIL_LIQUID,2545.3
2023-11-09,CRISIL_LIQUID,2546.22
2023-12-09,CRISIL_LIQUID,2546.89
2023-02-10,CRISIL_LIQUID,2550.49
2023-03-10,CRISIL_LIQUID,2551.14
2023-04-10,CRISIL_LIQUID,2551.17
2023-05-10,CRISIL_LIQUID,2552.61
2023-06-10,CRISIL_LIQUID,2552.33
2023-09-10,CRISIL_LIQUID,2553.97
2023-10-10,CRISIL_LIQUID,2555.1
2023-11-10,CRISIL_LIQUID,2555.23
2023-12-10,CRISIL_LIQUID,2556.24
2023-01-11,CRISIL_LIQUID,2562.06
2023-02-11,CRISIL_LIQUID,2563.64
2023-03-11,CRISIL_LIQUID,2563.7
2023-06-11,CRISIL_LIQUID,2564.04
2023-07-11,CRISIL_LIQUID,2564.23
2023-08-11,CRISIL_LIQUID,2565.09
2023-09-11,CRISIL_LIQUID,2565.89
2023-10-11,CRISIL_LIQUID,2566.21
2023-01-12,CRISIL_LIQUID,2576.15
2023-04-12,CRISIL_LIQUID,2576.67
2023-05-12,CRISIL_LIQUID,2575.51
2023-06-12,CRISIL_LIQUID,2577.34
2023-07-12,CRISIL_LIQUID,2577.17
2023-08-12,CRISIL_LIQUID,2580.42
2023-11-12,CRISIL_LIQUID,2580.93
2023-12-12,CRISIL_LIQUID,2581.94
2024-01-01,CRISIL_LIQUID,2594.21
2024-02-01,CRISIL_LIQUID,2595.68
2024-03-01,CRISIL_LIQUID,2596.48
2024-04-01,CRISIL_LIQUID,2596.91
2024-05-01,CRISIL_LIQUID,2596.42
2024-08-01,CRISIL_LIQUID,2598.22
2024-09-01,CRISIL_LIQUID,2599.35
2024-10-01,CRISIL_LIQUID,2599.65
2024-11-01,CRISIL_LIQUID,2600.58
2024-12-01,CRISIL_LIQUID,2601.36
2024-01-02,CRISIL_LIQUID,2608.01
2024-02-02,CRISIL_LIQUID,2609.75
2024-05-02,CRISIL_LIQUID,2608.14
2024-06-02,CRISIL_LIQUID,2608.88
2024-07-02,CRISIL_LIQUID,2610.47
2024-08-02,CRISIL_LIQUID,2610.37
2024-09-02,CRISIL_LIQUID,2611.65
2024-12-02,CRISIL_LIQUID,2611.46
2024-01-03,CRISIL_LIQUID,2622.48
2024-04-03,CRISIL_LIQUID,2624.16
2024-05-03,CRISIL_LIQUID,2625.57
2024-06-03,CRISIL_LIQUID,2626.16
2024-07-03,CRISIL_LIQUID,2629.11
2024-08-03,CRISIL_LIQUID,2629.99
2024-11-03,CRISIL_LIQUID,2629.44
2024-12-03,CRISIL_LIQUID,2630.69
2024-01-04,CRISIL_LIQUID,2635.01
2024-02-04,CRISIL_LIQUID,2635.8
2024-03-04,CRISIL_LIQUID,2635.37
2024-04-04,CRISIL_LIQUID,2636.37
2024-05-04,CRISIL_LIQUID,2638.12
2024-08-04,CRISIL_LIQUID,2638.56
2024-09-04,CRISIL_LIQUID,2639.89
2024-10-04,CRISIL_LIQUID,2640.43
2024-11-04,CRISIL_LIQUID,2640.79
2024-12-04,CRISIL_LIQUID,2641.83
2024-01-05,CRISIL_LIQUID,2652.1
2024-02-05,CRISIL_LIQUID,2654.26
2024-03-05,CRISIL_LIQUID,2655.53
2024-06-05,CRISIL_LIQUID,2655.53
2024-07-05,CRISIL_LIQUID,2654.9
2024-08-05,CRISIL_LIQUID,2654.74
2024-09-05,CRISIL_LIQUID,2655.47
2024-10-05,CRISIL_LIQUID,2655.61
2024-03-06,CRISIL_LIQUID,2665.46
2024-04-06,CRISIL_LIQUID,2666.44
2024-05-06,CRISIL_LIQUID,2666.46
2024-06-06,CRISIL_LIQUID,2667.77
2024-07-06,CRISIL_LIQUID,2667.53
2024-10-06,CRISIL_LIQUID,2668.99
2024-11-06,CRISIL_LIQUID,2669.77
2024-12-06,CRISIL_LIQUID,2670.08
2024-01-07,CRISIL_LIQUID,2684.27
2024-02-07,CRISIL_LIQUID,2683.17
2024-03-07,CRISIL_LIQUID,2683.44
2024-04-07,CRISIL_LIQUID,2684.91
2024-05-07,CRISIL_LIQUID,2687.0
2024-08-07,CRISIL_LIQUID,2688.82
2024-09-07,CRISIL_LIQUID,2688.97
2024-10-07,CRISIL_LIQUID,2690.74
2024-11-07,CRISIL_LIQUID,2689.9
2024-12-07,CRISIL_LIQUID,2689.81
2024-01-08,CRISIL_LIQUID,2697.95
2024-02-08,CRISIL_LIQUID,2698.76
2024-05-08,CRISIL_LIQUID,2700.4
2024-06-08,CRISIL_LIQUID,2699.87
2024-07-08,CRISIL_LIQUID,2701.66
2024-08-08,CRISIL_LIQUID,2703.23
2024-09-08,CRISIL_LIQUID,2705.07
2024-12-08,CRISIL_LIQUID,2704.74
2024-02-09,CRISIL_LIQUID,2712.25
2024-03-09,CRISIL_LIQUID,2712.95
2024-04-09,CRISIL_LIQUID,2712.3
2024-05-09,CRISIL_LIQUID,2713.93
2024-06-09,CRISIL_LIQUID,2714.86
2024-09-09,CRISIL_LIQUID,2715.34
2024-10-09,CRISIL_LIQUID,2716.04
2024-11-09,CRISIL_LIQUID,2715.98
2024-12-09,CRISIL_LIQUID,2717.66
2024-01-10,CRISIL_LIQUID,2725.36
2024-02-10,CRISIL_LIQUID,2725.8
2024-03-10,CRISIL_LIQUID,2726.12
2024-04-10,CRISIL_LIQUID,2727.58
2024-07-10,CRISIL_LIQUID,2728.58
2024-08-10,CRISIL_LIQUID,2728.11
2024-09-10,CRISIL_LIQUID,2728.64
2024-10-10,CRISIL_LIQUID,2728.34
2024-11-10,CRISIL_LIQUID,2729.5
2024-01-11,CRISIL_LIQUID,2737.79
2024-04-11,CRISIL_LIQUID,2739.11
2024-05-11,CRISIL_LIQUID,2740.69
2024-06-11,CRISIL_LIQUID,2741.64
2024-07-11,CRISIL_LIQUID,2742.66
2024-08-11,CRISIL_LIQUID,2743.43
2024-11-11,CRISIL_LIQUID,2742.96
2024-12-11,CRISIL_LIQUID,2744.59
2024-02-12,CRISIL_LIQUID,2755.68
2024-03-12,CRISIL_LIQUID,2756.32
2024-04-12,CRISIL_LIQUID,2757.27
2024-05-12,CRISIL_LIQUID,2759.14
2024-06-12,CRISIL_LIQUID,2759.68
2024-09-12,CRISIL_LIQUID,2760.4
2024-10-12,CRISIL_LIQUID,2762.24
2024-11-12,CRISIL_LIQUID,2763.4
2024-12-12,CRISIL_LIQUID,2762.9
2025-01-01,CRISIL_LIQUID,2775.79
2025-02-01,CRISIL_LIQUID,2775.84
2025-03-01,CRISIL_LIQUID,2777.25
2025-06-01,CRISIL_LIQUID,2777.64
2025-07-01,CRISIL_LIQUID,2779.08
2025-08-01,CRISIL_LIQUID,2780.18
2025-09-01,CRISIL_LIQUID,2780.9
2025-10-01,CRISIL_LIQUID,2780.96
2025-03-02,CRISIL_LIQUID,2788.46
2025-04-02,CRISIL_LIQUID,2790.15
2025-05-02,CRISIL_LIQUID,2790.49
2025-06-02,CRISIL_LIQUID,2790.46
2025-07-02,CRISIL_LIQUID,2789.45
2025-10-02,CRISIL_LIQUID,2788.57
2025-11-02,CRISIL_LIQUID,2789.41
2025-12-02,CRISIL_LIQUID,2790.2
2025-03-03,CRISIL_LIQUID,2797.71
2025-04-03,CRISIL_LIQUID,2797.95
2025-05-03,CRISIL_LIQUID,2798.11
2025-06-03,CRISIL_LIQUID,2797.91
2025-07-03,CRISIL_LIQUID,2798.84
2025-10-03,CRISIL_LIQUID,2799.39
2025-11-03,CRISIL_LIQUID,2800.49
2025-12-03,CRISIL_LIQUID,2800.22
2025-01-04,CRISIL_LIQUID,2806.19
2025-02-04,CRISIL_LIQUID,2807.05
2025-03-04,CRISIL_LIQUID,2809.28
2025-04-04,CRISIL_LIQUID,2809.2
2025-07-04,CRISIL_LIQUID,2810.86
2025-08-04,CRISIL_LIQUID,2810.28
2025-09-04,CRISIL_LIQUID,2809.91
2025-10-04,CRISIL_LIQUID,2809.8
2025-11-04,CRISIL_LIQUID,2808.82
2025-01-05,CRISIL_LIQUID,2825.56
2025-02-05,CRISIL_LIQUID,2826.95
2025-05-05,CRISIL_LIQUID,2826.02
2025-06-05,CRISIL_LIQUID,2824.81
2025-07-05,CRISIL_LIQUID,2824.62
2025-08-05,CRISIL_LIQUID,2825.68
2025-09-05,CRISIL_LIQUID,2827.36
2025-12-05,CRISIL_LIQUID,2826.98
2025-02-06,CRISIL_LIQUID,2841.05
2025-03-06,CRISIL_LIQUID,2842.99
2025-04-06,CRISIL_LIQUID,2843.87
2025-05-06,CRISIL_LIQUID,2844.33
2025-06-06,CRISIL_LIQUID,2844.4
2025-09-06,CRISIL_LIQUID,2845.58
2025-10-06,CRISIL_LIQUID,2845.27
2025-11-06,CRISIL_LIQUID,2845.02
2025-12-06,CRISIL_LIQUID,2846.3
2025-01-07,CRISIL_LIQUID,2850.61
2025-02-07,CRISIL_LIQUID,2852.04
2025-03-07,CRISIL_LIQUID,2854.01
2025-04-07,CRISIL_LIQUID,2853.49
2025-07-07,CRISIL_LIQUID,2853.71
2025-08-07,CRISIL_LIQUID,2853.12
2025-09-07,CRISIL_LIQUID,2853.94
2025-10-07,CRISIL_LIQUID,2854.81
2025-11-07,CRISIL_LIQUID,2854.34
2025-01-08,CRISIL_LIQUID,2868.71
2025-04-08,CRISIL_LIQUID,2869.57
2025-05-08,CRISIL_LIQUID,2869.68
2025-06-08,CRISIL_LIQUID,2871.51
2025-07-08,CRISIL_LIQUID,2871.15
2025-08-08,CRISIL_LIQUID,2873.16
2025-11-08,CRISIL_LIQUID,2874.43
2025-12-08,CRISIL_LIQUID,2875.44
2025-01-09,CRISIL_LIQUID,2889.61
2025-02-09,CRISIL_LIQUID,2891.25
2025-03-09,CRISIL_LIQUID,2892.98
2025-04-09,CRISIL_LIQUID,2894.99
2025-05-09,CRISIL_LIQUID,2895.92
2025-08-09,CRISIL_LIQUID,2896.6
2025-09-09,CRISIL_LIQUID,2898.44
2025-10-09,CRISIL_LIQUID,2897.8
2025-11-09,CRISIL_LIQUID,2898.39
2025-12-09,CRISIL_LIQUID,2898.9
2025-01-10,CRISIL_LIQUID,2910.01
2025-02-10,CRISIL_LIQUID,2912.65
2025-03-10,CRISIL_LIQUID,2912.89
2025-06-10,CRISIL_LIQUID,2911.77
2025-07-10,CRISIL_LIQUID,2912.97
2025-08-10,CRISIL_LIQUID,2914.1
2025-09-10,CRISIL_LIQUID,2913.19
2025-10-10,CRISIL_LIQUID,2913.03
2025-03-11,CRISIL_LIQUID,2923.6
2025-04-11,CRISIL_LIQUID,2924.13
2025-05-11,CRISIL_LIQUID,2923.83
2025-06-11,CRISIL_LIQUID,2926.04
2025-07-11,CRISIL_LIQUID,2926.68
2025-10-11,CRISIL_LIQUID,2926.92
2025-11-11,CRISIL_LIQUID,2926.66
2025-12-11,CRISIL_LIQUID,2927.5
2025-01-12,CRISIL_LIQUID,2938.43
2025-02-12,CRISIL_LIQUID,2940.25
2025-03-12,CRISIL_LIQUID,2942.22
2025-04-12,CRISIL_LIQUID,2942.98
2025-05-12,CRISIL_LIQUID,2944.73
2025-08-12,CRISIL_LIQUID,2944.62
2025-09-12,CRISIL_LIQUID,2945.9
2025-10-12,CRISIL_LIQUID,2946.56
2025-11-12,CRISIL_LIQUID,2946.69
2025-12-12,CRISIL_LIQUID,2949.45
2026-01-01,CRISIL_LIQUID,2960.3
2026-02-01,CRISIL_LIQUID,2962.98
2026-05-01,CRISIL_LIQUID,2963.61
2026-06-01,CRISIL_LIQUID,2963.7
2026-07-01,CRISIL_LIQUID,2962.18
2026-08-01,CRISIL_LIQUID,2961.73
2026-09-01,CRISIL_LIQUID,2963.27
2026-12-01,CRISIL_LIQUID,2964.01
2026-02-02,CRISIL_LIQUID,2972.42
2026-03-02,CRISIL_LIQUID,2972.3
2026-04-02,CRISIL_LIQUID,2971.19
2026-05-02,CRISIL_LIQUID,2970.64
2026-06-02,CRISIL_LIQUID,2971.2
2026-09-02,CRISIL_LIQUID,2972.18
2026-10-02,CRISIL_LIQUID,2974.08
2026-11-02,CRISIL_LIQUID,2975.19
2026-12-02,CRISIL_LIQUID,2977.42
2026-02-03,CRISIL_LIQUID,2984.76
2026-03-03,CRISIL_LIQUID,2986.71
2026-04-03,CRISIL_LIQUID,2988.19
2026-05-03,CRISIL_LIQUID,2988.83
2026-06-03,CRISIL_LIQUID,2989.98
2026-09-03,CRISIL_LIQUID,2992.15
2026-10-03,CRISIL_LIQUID,2993.17
2026-11-03,CRISIL_LIQUID,2994.83
2026-12-03,CRISIL_LIQUID,2996.35
2026-01-04,CRISIL_LIQUID,3011.06
2026-02-04,CRISIL_LIQUID,3011.73
2026-03-04,CRISIL_LIQUID,3011.77
2026-06-04,CRISIL_LIQUID,3012.82
2026-07-04,CRISIL_LIQUID,3014.03
2026-08-04,CRISIL_LIQUID,3011.98
2026-09-04,CRISIL_LIQUID,3015.03
2026-10-04,CRISIL_LIQUID,3018.5
2026-01-05,CRISIL_LIQUID,3028.99
2026-04-05,CRISIL_LIQUID,3029.42
2026-05-05,CRISIL_LIQUID,3030.77
2026-06-05,CRISIL_LIQUID,3029.54
2026-07-05,CRISIL_LIQUID,3031.32
2026-08-05,CRISIL_LIQUID,3031.85
2026-11-05,CRISIL_LIQUID,3032.0
2026-12-05,CRISIL_LIQUID,3033.11
2022-03-01,CRISIL_GILT,1451.06
2022-04-01,CRISIL_GILT,1453.26
2022-05-01,CRISIL_GILT,1455.5
2022-06-01,CRISIL_GILT,1454.41
2022-07-01,CRISIL_GILT,1454.33
2022-10-01,CRISIL_GILT,1456.61
2022-11-01,CRISIL_GILT,1453.45
2022-12-01,CRISIL_GILT,1451.21
2022-01-02,CRISIL_GILT,1450.41
2022-02-02,CRISIL_GILT,1444.13
2022-03-02,CRISIL_GILT,1448.99
2022-04-02,CRISIL_GILT,1453.09
2022-07-02,CRISIL_GILT,1449.18
2022-08-02,CRISIL_GILT,1445.31
2022-09-02,CRISIL_GILT,1456.63
2022-10-02,CRISIL_GILT,1453.68
2022-11-02,CRISIL_GILT,1458.56
2022-01-03,CRISIL_GILT,1460.52
2022-02-03,CRISIL_GILT,1457.07
2022-03-03,CRISIL_GILT,1461.96
2022-04-03,CRISIL_GILT,1462.89
2022-07-03,CRISIL_GILT,1465.73
2022-08-03,CRISIL_GILT,1466.97
2022-09-03,CRISIL_GILT,1467.8
2022-10-03,CRISIL_GILT,1468.61
2022-11-03,CRISIL_GILT,1469.04
2022-01-04,CRISIL_GILT,1489.8
2022-04-04,CRISIL_GILT,1489.81
2022-05-04,CRISIL_GILT,1487.83
2022-06-04,CRISIL_GILT,1486.33
2022-07-04,CRISIL_GILT,1491.21
2022-08-04,CRISIL_GILT,1487.82
2022-11-04,CRISIL_GILT,1488.45
2022-12-04,CRISIL_GILT,1491.54
2022-02-05,CRISIL_GILT,1494.38
2022-03-05,CRISIL_GILT,1489.99
2022-04-05,CRISIL_GILT,1485.58
2022-05-05,CRISIL_GILT,1484.72
2022-06-05,CRISIL_GILT,1487.17
2022-09-05,CRISIL_GILT,1491.16
2022-10-05,CRISIL_GILT,1495.78
2022-11-05,CRISIL_GILT,1493.99
2022-12-05,CRISIL_GILT,1484.38
2022-01-06,CRISIL_GILT,1486.21
2022-02-06,CRISIL_GILT,1484.0
2022-03-06,CRISIL_GILT,1487.77
2022-06-06,CRISIL_GILT,1489.32
2022-07-06,CRISIL_GILT,1487.77
2022-08-06,CRISIL_GILT,1490.4
2022-09-06,CRISIL_GILT,1495.84
2022-10-06,CRISIL_GILT,1496.93
2022-01-07,CRISIL_GILT,1487.29
2022-04-07,CRISIL_GILT,1484.15
2022-05-07,CRISIL_GILT,1483.71
2022-06-07,CRISIL_GILT,1481.27
2022-07-07,CRISIL_GILT,1480.44
2022-08-07,CRISIL_GILT,1481.93
2022-11-07,CRISIL_GILT,1485.95
2022-12-07,CRISIL_GILT,1483.61
2022-01-08,CRISIL_GILT,1491.22
2022-02-08,CRISIL_GILT,1489.27
2022-03-08,CRISIL_GILT,1491.27
2022-04-08,CRISIL_GILT,1490.8
2022-05-08,CRISIL_GILT,1483.56
2022-08-08,CRISIL_GILT,1493.61
2022-09-08,CRISIL_GILT,1493.42
2022-10-08,CRISIL_GILT,1501.96
2022-11-08,CRISIL_GILT,1500.87
2022-12-08,CRISIL_GILT,1500.36
2022-01-09,CRISIL_GILT,1510.55
2022-02-09,CRISIL_GILT,1511.23
2022-05-09,CRISIL_GILT,1507.46
2022-06-09,CRISIL_GILT,1508.8
2022-07-09,CRISIL_GILT,1514.05
2022-08-09,CRISIL_GILT,1512.57
2022-09-09,CRISIL_GILT,1509.63
2022-12-09,CRISIL_GILT,1509.4
2022-03-10,CRISIL_GILT,1519.46
2022-04-10,CRISIL_GILT,1519.83
2022-05-10,CRISIL_GILT,1509.85
2022-06-10,CRISIL_GILT,1515.15
2022-07-10,CRISIL_GILT,1508.39
2022-10-10,CRISIL_GILT,1509.52
2022-11-10,CRISIL_GILT,1510.51
2022-12-10,CRISIL_GILT,1516.06
2022-01-11,CRISIL_GILT,1521.13
2022-02-11,CRISIL_GILT,1529.11
2022-03-11,CRISIL_GILT,1527.76
2022-04-11,CRISIL_GILT,1531.51
2022-07-11,CRISIL_GILT,1531.5
2022-08-11,CRISIL_GILT,1527.71
2022-09-11,CRISIL_GILT,1525.2
2022-10-11,CRISIL_GILT,1525.22
2022-11-11,CRISIL_GILT,1527.4
2022-01-12,CRISIL_GILT,1523.95
2022-02-12,CRISIL_GILT,1522.04
2022-05-12,CRISIL_GILT,1514.82
2022-06-12,CRISIL_GILT,1513.11
2022-07-12,CRISIL_GILT,1520.2
2022-08-12,CRISIL_GILT,1526.16
2022-09-12,CRISIL_GILT,1526.3
2022-12-12,CRISIL_GILT,1525.84
2023-02-01,CRISIL_GILT,1512.14
2023-03-01,CRISIL_GILT,1512.64
2023-04-01,CRISIL_GILT,1513.41
2023-05-01,CRISIL_GILT,1513.57
2023-06-01,CRISIL_GILT,1511.11
2023-09-01,CRISIL_GILT,1517.32
2023-10-01,CRISIL_GILT,1521.08
2023-11-01,CRISIL_GILT,1521.12
2023-12-01,CRISIL_GILT,1521.11
2023-01-02,CRISIL_GILT,1550.92
2023-02-02,CRISIL_GILT,1547.67
2023-03-02,CRISIL_GILT,1549.58
2023-06-02,CRISIL_GILT,1551.93
2023-07-02,CRISIL_GILT,1555.75
2023-08-02,CRISIL_GILT,1551.18
2023-09-02,CRISIL_GILT,1547.03
2023-10-02,CRISIL_GILT,1544.24
2023-01-03,CRISIL_GILT,1537.31
2023-02-03,CRISIL_GILT,1531.91
2023-03-03,CRISIL_GILT,1526.94
2023-06-03,CRISIL_GILT,1531.37
2023-07-03,CRISIL_GILT,1527.66
2023-08-03,CRISIL_GILT,1531.83
2023-09-03,CRISIL_GILT,1533.96
2023-10-03,CRISIL_GILT,1529.23
2023-03-04,CRISIL_GILT,1521.51
2023-04-04,CRISIL_GILT,1525.85
2023-05-04,CRISIL_GILT,1519.98
2023-06-04,CRISIL_GILT,1516.4
2023-07-04,CRISIL_GILT,1514.45
2023-10-04,CRISIL_GILT,1514.16
2023-11-04,CRISIL_GILT,1510.66
2023-12-04,CRISIL_GILT,1508.77
2023-01-05,CRISIL_GILT,1520.55
2023-02-05,CRISIL_GILT,1519.42
2023-03-05,CRISIL_GILT,1518.57
2023-04-05,CRISIL_GILT,1518.63
2023-05-05,CRISIL_GILT,1528.48
2023-08-05,CRISIL_GILT,1532.43
2023-09-05,CRISIL_GILT,1528.37
2023-10-05,CRISIL_GILT,1530.34
2023-11-05,CRISIL_GILT,1530.75
2023-12-05,CRISIL_GILT,1538.17
2023-01-06,CRISIL_GILT,1543.54
2023-02-06,CRISIL_GILT,1541.51
2023-05-06,CRISIL_GILT,1540.87
2023-06-06,CRISIL_GILT,1543.14
2023-07-06,CRISIL_GILT,1544.18
2023-08-06,CRISIL_GILT,1532.69
2023-09-06,CRISIL_GILT,1535.38
2023-12-06,CRISIL_GILT,1534.96
2023-03-07,CRISIL_GILT,1559.89
2023-04-07,CRISIL_GILT,1557.39
2023-05-07,CRISIL_GILT,1552.52
2023-06-07,CRISIL_GILT,1552.66
2023-07-07,CRISIL_GILT,1553.66
2023-10-07,CRISIL_GILT,1549.43
2023-11-07,CRISIL_GILT,1555.45
2023-12-07,CRISIL_GILT,1553.51
2023-01-08,CRISIL_GILT,1597.33
2023-02-08,CRISIL_GILT,1596.83
2023-03-08,CRISIL_GILT,1594.59
2023-04-08,CRISIL_GILT,1592.15
2023-07-08,CRISIL_GILT,1601.63
2023-08-08,CRISIL_GILT,1602.73
2023-09-08,CRISIL_GILT,1607.28
2023-10-08,CRISIL_GILT,1606.61
2023-11-08,CRISIL_GILT,1608.82
2023-01-09,CRISIL_GILT,1645.47
2023-04-09,CRISIL_GILT,1640.52
2023-05-09,CRISIL_GILT,1643.73
2023-06-09,CRISIL_GILT,1644.84
2023-07-09,CRISIL_GILT,1644.06
2023-08-09,CRISIL_GILT,1649.91
2023-11-09,CRISIL_GILT,1651.31
2023-12-09,CRISIL_GILT,1652.62
2023-02-10,CRISIL_GILT,1636.67
2023-03-10,CRISIL_GILT,1632.78
2023-04-10,CRISIL_GILT,1633.75
2023-05-10,CRISIL_GILT,1640.64
2023-06-10,CRISIL_GILT,1641.05
2023-09-10,CRISIL_GILT,1639.83
2023-10-10,CRISIL_GILT,1644.93
2023-11-10,CRISIL_GILT,1640.63
2023-12-10,CRISIL_GILT,1643.29
2023-01-11,CRISIL_GILT,1656.61
2023-02-11,CRISIL_GILT,1661.94
2023-03-11,CRISIL_GILT,1657.4
2023-06-11,CRISIL_GILT,1661.67
2023-07-11,CRISIL_GILT,1661.76
2023-08-11,CRISIL_GILT,1656.3
2023-09-11,CRISIL_GILT,1662.95
2023-10-11,CRISIL_GILT,1669.61
2023-01-12,CRISIL_GILT,1702.22
2023-04-12,CRISIL_GILT,1699.05
2023-05-12,CRISIL_GILT,1691.35
2023-06-12,CRISIL_GILT,1693.76
2023-07-12,CRISIL_GILT,1699.5
2023-08-12,CRISIL_GILT,1705.43
2023-11-12,CRISIL_GILT,1704.18
2023-12-12,CRISIL_GILT,1710.05
2024-01-01,CRISIL_GILT,1715.79
2024-02-01,CRISIL_GILT,1720.64
2024-03-01,CRISIL_GILT,1720.96
2024-04-01,CRISIL_GILT,1724.88
2024-05-01,CRISIL_GILT,1715.7
2024-08-01,CRISIL_GILT,1718.05
2024-09-01,CRISIL_GILT,1712.23
2024-10-01,CRISIL_GILT,1709.1
2024-11-01,CRISIL_GILT,1712.39
2024-12-01,CRISIL_GILT,1716.41
2024-01-02,CRISIL_GILT,1703.82
2024-02-02,CRISIL_GILT,1705.97
2024-05-02,CRISIL_GILT,1700.91
2024-06-02,CRISIL_GILT,1703.16
2024-07-02,CRISIL_GILT,1706.67
2024-08-02,CRISIL_GILT,1700.58
2024-09-02,CRISIL_GILT,1699.92
2024-12-02,CRISIL_GILT,1699.08
2024-01-03,CRISIL_GILT,1714.44
2024-04-03,CRISIL_GILT,1707.58
2024-05-03,CRISIL_GILT,1698.31
2024-06-03,CRISIL_GILT,1694.55
2024-07-03,CRISIL_GILT,1690.78
2024-08-03,CRISIL_GILT,1691.42
2024-11-03,CRISIL_GILT,1689.55
2024-12-03,CRISIL_GILT,1685.99
2024-01-04,CRISIL_GILT,1703.72
2024-02-04,CRISIL_GILT,1708.83
2024-03-04,CRISIL_GILT,1715.98
2024-04-04,CRISIL_GILT,1717.01
2024-05-04,CRISIL_GILT,1716.33
2024-08-04,CRISIL_GILT,1710.85
2024-09-04,CRISIL_GILT,1711.02
2024-10-04,CRISIL_GILT,1714.99
2024-11-04,CRISIL_GILT,1718.5
2024-12-04,CRISIL_GILT,1718.9
2024-01-05,CRISIL_GILT,1753.74
2024-02-05,CRISIL_GILT,1754.99
2024-03-05,CRISIL_GILT,1762.69
2024-06-05,CRISIL_GILT,1764.58
2024-07-05,CRISIL_GILT,1769.46
2024-08-05,CRISIL_GILT,1770.96
2024-09-05,CRISIL_GILT,1771.15
2024-10-05,CRISIL_GILT,1763.45
2024-03-06,CRISIL_GILT,1771.23
2024-04-06,CRISIL_GILT,1774.73
2024-05-06,CRISIL_GILT,1763.92
2024-06-06,CRISIL_GILT,1765.69
2024-07-06,CRISIL_GILT,1763.17
2024-10-06,CRISIL_GILT,1766.15
2024-11-06,CRISIL_GILT,1758.75
2024-12-06,CRISIL_GILT,1763.76
2024-01-07,CRISIL_GILT,1787.76
2024-02-07,CRISIL_GILT,1791.56
2024-03-07,CRISIL_GILT,1796.42
2024-04-07,CRISIL_GILT,1799.36
2024-05-07,CRISIL_GILT,1795.61
2024-08-07,CRISIL_GILT,1798.15
2024-09-07,CRISIL_GILT,1803.42
2024-10-07,CRISIL_GILT,1798.19
2024-11-07,CRISIL_GILT,1791.8
2024-12-07,CRISIL_GILT,1796.13
2024-01-08,CRISIL_GILT,1829.38
2024-02-08,CRISIL_GILT,1826.72
2024-05-08,CRISIL_GILT,1828.27
2024-06-08,CRISIL_GILT,1821.61
2024-07-08,CRISIL_GILT,1819.58
2024-08-08,CRISIL_GILT,1818.69
2024-09-08,CRISIL_GILT,1817.43
2024-12-08,CRISIL_GILT,1810.69
2024-02-09,CRISIL_GILT,1813.02
2024-03-09,CRISIL_GILT,1817.49
2024-04-09,CRISIL_GILT,1819.64
2024-05-09,CRISIL_GILT,1820.94
2024-06-09,CRISIL_GILT,1816.96
2024-09-09,CRISIL_GILT,1812.63
2024-10-09,CRISIL_GILT,1813.48
2024-11-09,CRISIL_GILT,1813.78
2024-12-09,CRISIL_GILT,1816.54
2024-01-10,CRISIL_GILT,1830.96
2024-02-10,CRISIL_GILT,1838.77
2024-03-10,CRISIL_GILT,1840.3
2024-04-10,CRISIL_GILT,1842.52
2024-07-10,CRISIL_GILT,1838.51
2024-08-10,CRISIL_GILT,1843.86
2024-09-10,CRISIL_GILT,1853.31
2024-10-10,CRISIL_GILT,1854.57
2024-11-10,CRISIL_GILT,1845.47
2024-01-11,CRISIL_GILT,1890.06
2024-04-11,CRISIL_GILT,1899.36
2024-05-11,CRISIL_GILT,1905.72
2024-06-11,CRISIL_GILT,1900.65
2024-07-11,CRISIL_GILT,1905.63
2024-08-11,CRISIL_GILT,1911.01
2024-11-11,CRISIL_GILT,1914.52
2024-12-11,CRISIL_GILT,1910.49
2024-02-12,CRISIL_GILT,1942.4
2024-03-12,CRISIL_GILT,1940.73
2024-04-12,CRISIL_GILT,1934.44
2024-05-12,CRISIL_GILT,1934.4
2024-06-12,CRISIL_GILT,1933.61
2024-09-12,CRISIL_GILT,1942.89
2024-10-12,CRISIL_GILT,1945.6
2024-11-12,CRISIL_GILT,1942.39
2024-12-12,CRISIL_GILT,1943.27
2025-01-01,CRISIL_GILT,1941.13
2025-02-01,CRISIL_GILT,1939.14
2025-03-01,CRISIL_GILT,1937.8
2025-06-01,CRISIL_GILT,1936.94
2025-07-01,CRISIL_GILT,1942.92
2025-08-01,CRISIL_GILT,1945.64
2025-09-01,CRISIL_GILT,1955.22
2025-10-01,CRISIL_GILT,1958.48
2025-03-02,CRISIL_GILT,1930.47
2025-04-02,CRISIL_GILT,1933.83
2025-05-02,CRISIL_GILT,1927.67
2025-06-02,CRISIL_GILT,1939.05
2025-07-02,CRISIL_GILT,1950.55
2025-10-02,CRISIL_GILT,1948.65
2025-11-02,CRISIL_GILT,1954.1
2025-12-02,CRISIL_GILT,1948.78
2025-03-03,CRISIL_GILT,1963.32
2025-04-03,CRISIL_GILT,1970.02
2025-05-03,CRISIL_GILT,1969.56
2025-06-03,CRISIL_GILT,1963.93
2025-07-03,CRISIL_GILT,1967.14
2025-10-03,CRISIL_GILT,1968.09
2025-11-03,CRISIL_GILT,1979.6
2025-12-03,CRISIL_GILT,1986.91
2025-01-04,CRISIL_GILT,2021.62
2025-02-04,CRISIL_GILT,2029.27
2025-03-04,CRISIL_GILT,2028.71
2025-04-04,CRISIL_GILT,2026.96
2025-07-04,CRISIL_GILT,2035.27
2025-08-04,CRISIL_GILT,2034.86
2025-09-04,CRISIL_GILT,2035.08
2025-10-04,CRISIL_GILT,2038.15
2025-11-04,CRISIL_GILT,2042.04
2025-01-05,CRISIL_GILT,2024.98
2025-02-05,CRISIL_GILT,2025.52
2025-05-05,CRISIL_GILT,2026.98
2025-06-05,CRISIL_GILT,2029.02
2025-07-05,CRISIL_GILT,2037.27
2025-08-05,CRISIL_GILT,2044.88
2025-09-05,CRISIL_GILT,2046.56
2025-12-05,CRISIL_GILT,2050.91
2025-02-06,CRISIL_GILT,2096.15
2025-03-06,CRISIL_GILT,2093.01
2025-04-06,CRISIL_GILT,2093.42
2025-05-06,CRISIL_GILT,2090.17
2025-06-06,CRISIL_GILT,2090.61
2025-09-06,CRISIL_GILT,2086.07
2025-10-06,CRISIL_GILT,2084.36
2025-11-06,CRISIL_GILT,2081.61
2025-12-06,CRISIL_GILT,2079.11
2025-01-07,CRISIL_GILT,2089.27
2025-02-07,CRISIL_GILT,2094.88
2025-03-07,CRISIL_GILT,2107.68
2025-04-07,CRISIL_GILT,2106.29
2025-07-07,CRISIL_GILT,2104.64
2025-08-07,CRISIL_GILT,2104.04
2025-09-07,CRISIL_GILT,2091.61
2025-10-07,CRISIL_GILT,2100.07
2025-11-07,CRISIL_GILT,2100.81
2025-01-08,CRISIL_GILT,2097.55
2025-04-08,CRISIL_GILT,2097.32
2025-05-08,CRISIL_GILT,2104.15
2025-06-08,CRISIL_GILT,2098.89
2025-07-08,CRISIL_GILT,2099.13
2025-08-08,CRISIL_GILT,2090.88
2025-11-08,CRISIL_GILT,2094.29
2025-12-08,CRISIL_GILT,2094.55
2025-01-09,CRISIL_GILT,2076.48
2025-02-09,CRISIL_GILT,2082.63
2025-03-09,CRISIL_GILT,2074.79
2025-04-09,CRISIL_GILT,2069.7
2025-05-09,CRISIL_GILT,2063.96
2025-08-09,CRISIL_GILT,2064.44
2025-09-09,CRISIL_GILT,2067.47
2025-10-09,CRISIL_GILT,2075.87
2025-11-09,CRISIL_GILT,2078.69
2025-12-09,CRISIL_GILT,2077.52
2025-01-10,CRISIL_GILT,2082.55
2025-02-10,CRISIL_GILT,2079.8
2025-03-10,CRISIL_GILT,2084.82
2025-06-10,CRISIL_GILT,2085.75
2025-07-10,CRISIL_GILT,2096.7
2025-08-10,CRISIL_GILT,2089.81
2025-09-10,CRISIL_GILT,2087.36
2025-10-10,CRISIL_GILT,2084.21
2025-03-11,CRISIL_GILT,2093.05
2025-04-11,CRISIL_GILT,2086.5
2025-05-11,CRISIL_GILT,2079.03
2025-06-11,CRISIL_GILT,2077.05
2025-07-11,CRISIL_GILT,2078.3
2025-10-11,CRISIL_GILT,2086.55
2025-11-11,CRISIL_GILT,2076.46
2025-12-11,CRISIL_GILT,2077.86
2025-01-12,CRISIL_GILT,2112.75
2025-02-12,CRISIL_GILT,2112.11
2025-03-12,CRISIL_GILT,2118.31
2025-04-12,CRISIL_GILT,2114.31
2025-05-12,CRISIL_GILT,2117.37
2025-08-12,CRISIL_GILT,2120.09
2025-09-12,CRISIL_GILT,2122.84
2025-10-12,CRISIL_GILT,2134.44
2025-11-12,CRISIL_GILT,2133.9
2025-12-12,CRISIL_GILT,2149.26
2026-01-01,CRISIL_GILT,2156.03
2026-02-01,CRISIL_GILT,2157.8
2026-05-01,CRISIL_GILT,2151.71
2026-06-01,CRISIL_GILT,2149.13
2026-07-01,CRISIL_GILT,2149.11
2026-08-01,CRISIL_GILT,2156.45
2026-09-01,CRISIL_GILT,2156.38
2026-12-01,CRISIL_GILT,2168.27
2026-02-02,CRISIL_GILT,2187.65
2026-03-02,CRISIL_GILT,2186.78
2026-04-02,CRISIL_GILT,2189.23
2026-05-02,CRISIL_GILT,2184.47
2026-06-02,CRISIL_GILT,2189.58
2026-09-02,CRISIL_GILT,2188.47
2026-10-02,CRISIL_GILT,2180.0
2026-11-02,CRISIL_GILT,2179.03
2026-12-02,CRISIL_GILT,2183.94
2026-02-03,CRISIL_GILT,2212.41
2026-03-03,CRISIL_GILT,2211.25
2026-04-03,CRISIL_GILT,2206.52
2026-05-03,CRISIL_GILT,2212.46
2026-06-03,CRISIL_GILT,2223.37
2026-09-03,CRISIL_GILT,2227.22
2026-10-03,CRISIL_GILT,2236.58
2026-11-03,CRISIL_GILT,2242.08
2026-12-03,CRISIL_GILT,2234.43
2026-01-04,CRISIL_GILT,2261.92
2026-02-04,CRISIL_GILT,2264.09
2026-03-04,CRISIL_GILT,2256.85
2026-06-04,CRISIL_GILT,2259.59
2026-07-04,CRISIL_GILT,2253.08
2026-08-04,CRISIL_GILT,2245.8
2026-09-04,CRISIL_GILT,2252.11
2026-10-04,CRISIL_GILT,2247.91
2026-01-05,CRISIL_GILT,2270.81
2026-04-05,CRISIL_GILT,2278.36
2026-05-05,CRISIL_GILT,2284.29
2026-06-05,CRISIL_GILT,2288.02
2026-07-05,CRISIL_GILT,2292.76
2026-08-05,CRISIL_GILT,2291.11
2026-11-05,CRISIL_GILT,2292.07
2026-12-05,CRISIL_GILT,2287.98
