fund_house,scheme_type,scheme_category,scheme_code,scheme_name,isin_growth,isin_div_reinvestment
Aditya Birla Sun Life Mutual Fund,Open Ended Schemes,Debt Scheme - Banking and PSU Fund,119551,Aditya Birla Sun Life Banking & PSU Debt Fund  - DIRECT - IDCW,INF209KA12Z1,INF209KA13Z9
Aditya Birla Sun Life Mutual Fund,Open Ended Schemes,Debt Scheme - Banking and PSU Fund,119552,Aditya Birla Sun Life Banking & PSU Debt Fund  - DIRECT - MONTHLY IDCW,INF209K01YM2,
SBI Mutual Fund,Open Ended Schemes,Equity Scheme - Large Cap Fund,119598,SBI Large Cap FUND-DIRECT PLAN -GROWTH,INF200K01QX4,
Sundaram Mutual Fund,Open Ended Schemes,Income,119599,Sundaram Entertainment Opportunities Fund -Direct Plan - Growth Option,,
HDFC Mutual Fund,Open Ended Schemes,Hybrid Scheme - Conservative Hybrid Fund,119120,HDFC Hybrid Debt Fund - IDCW Quarterly - Direct Plan,INF179K01XH9,INF179K01XI7
,,,0,,,
SBI Mutual Fund,Open Ended Schemes,Equity Scheme - Small Cap Fund,125497,SBI Small Cap Fund - Direct Plan - Growth,INF200K01T51,
Aditya Birla Sun Life Mutual Fund,Open Ended Schemes,Equity Scheme - Large & Mid Cap Fund,100033,Aditya Birla Sun Life Large & Mid Cap Fund - Regular Growth,INF209K01165,
SBI Mutual Fund,Open Ended Schemes,Debt Scheme - Banking and PSU Fund,125498,SBI BANKING & PSU FUND - Regular Paln - Growth,INF200K01U41,
,,,0,,,
Axis Mutual Fund,Open Ended Schemes,Equity Scheme - ELSS,120503,Axis ELSS Tax Saver Fund - Direct Plan - Growth Option,INF846K01EW2,
Axis Mutual Fund,Open Ended Schemes,Equity Scheme - Mid Cap Fund,120504,Axis Midcap Fund - Direct Plan - IDCW,INF846K01EF7,INF846K01EG5
Axis Mutual Fund,Open Ended Schemes,Equity Scheme - Mid Cap Fund,120505,Axis Midcap Fund - Direct Plan - Growth,INF846K01EH3,
Invesco Mutual Fund,Open Ended Schemes,Income/Debt Oriented Schemes - Money Market Fund,120506,Invesco India Money Market Fund - Direct Plan - Daily IDCW (Reinvestment),,INF205K01RV5
Invesco Mutual Fund,Open Ended Schemes,Income/Debt Oriented Schemes - Money Market Fund,120507,Invesco India Money Market Fund - Direct Plan - Growth,INF205K01RY9,
Nippon India Mutual Fund,Open Ended Schemes,Equity Scheme - Large Cap Fund,118632,Nippon India Large Cap Fund - Direct Plan Growth Plan - Growth Option,INF204K01XI3,
Nippon India Mutual Fund,Open Ended Schemes,Equity Scheme - Large Cap Fund,118633,Nippon India Large Cap Fund - Direct Plan Growth Plan - Bonus Option,INF204K01D30,
Nippon India Mutual Fund,Open Ended Schemes,Equity Scheme - Large Cap Fund,118634,NIPPON INDIA LARGE CAP FUND - DIRECT Plan - IDCW Option,INF204K01XG7,INF204K01XH5
,,,0,,,
Edelweiss Mutual Fund,Open Ended Schemes,Income,118636,Edelweiss Liquid Fund-Direct Plan-Growth Option,,
quant Mutual Fund,Open Ended Schemes,Equity Scheme - Mid Cap Fund,120841,quant Mid Cap Fund - Growth Option - Direct Plan,INF966L01887,
quant Mutual Fund,Open Ended Schemes,Equity Scheme - Flexi Cap Fund,120842,quant Flexi Cap Fund - IDCW Option - Direct Plan,INF966L01895,INF966L01903
quant Mutual Fund,Open Ended Schemes,Equity Scheme - Flexi Cap Fund,120843,quant Flexi Cap Fund - Growth Option-Direct Plan,INF966L01911,
quant Mutual Fund,Open Ended Schemes,Debt Scheme - Money Market Fund,120844,Quant Money Market Fund-Dividend Option-Direct Plan,,
HDFC Mutual Fund,Open Ended Schemes,Debt Scheme - Money Market Fund,119092,HDFC Money Market Fund - Growth Option - Direct Plan,INF179KB1HU9,
HDFC Mutual Fund,Open Ended Schemes,Debt Scheme - Money Market Fund,119093,HDFC Money Market Fund - Daily IDCW Option - Direct Plan,,INF179KB1HZ8
HDFC Mutual Fund,Open Ended Schemes,Debt Scheme - Money Market Fund,119094,HDFC Money Market Fund - Weekly IDCW Option -Direct Plan,INF179KB1IA9,INF179KB1IB7
DSP Mutual Fund,Open Ended Schemes,Equity Scheme - Focused Fund,119095,DSP Focused Fund - Direct Plan - IDCW,INF740K01OC8,INF740K01OD6
SBI Mutual Fund,Open Ended Schemes,Debt Scheme - Overnight Fund,101206,SBI OVERNIGHT FUND - REGULAR PLAN - GROWTH,INF200K01LQ9,
UTI Mutual Fund,Close Ended Schemes,Income,101207,UTI-Fixed Maturity Plan Yearly Series - July 2005-Dividend Option,,
UTI Mutual Fund,Close Ended Schemes,Income,101208,UTI-Fixed Maturity Plan Yearly Series - July 2005-Growth Option,,
SBI Mutual Fund,Open Ended Schemes,Hybrid Scheme - Aggressive Hybrid Fund,102885,SBI EQUITY HYBRID FUND - REGULAR PLAN -Growth,INF200K01107,
,,,0,,,
,,,0,,,
Mahindra Manulife Mutual Fund,Open Ended Schemes,Equity Schemes - Focused Fund,148567,Mahindra Manulife Focused Fund - Direct Plan -Growth,INF174V01AG7,
,,,0,,,
Mahindra Manulife Mutual Fund,Open Ended Schemes,Equity Schemes - Focused Fund,148569,Mahindra Manulife Focused Fund - Direct Plan - IDCW,INF174V01AI3,INF174V01AH5
ITI Mutual Fund,Open Ended Schemes,Equity Scheme - Sectoral/ Thematic,149322,ITI Banking and Financial Services Fund - Direct Plan - IDCW Option,INF00XX01BV4,INF00XX01BW2
ITI Mutual Fund,Open Ended Schemes,Equity Scheme - Sectoral/ Thematic,149323,ITI Banking and Financial Services Fund - Regular Plan - IDCW Option,INF00XX01BS0,INF00XX01BT8
ITI Mutual Fund,Open Ended Schemes,Equity Scheme - Sectoral/ Thematic,149324,ITI Banking and Financial Services Fund -Regular Plan - Growth Option,INF00XX01BR2,
